단어,빈도수
상승,2165
종목,1923
주가,1500
하락,1479
거래,1452
주식,1304
지수,1233
관련,1205
외국인,1188
코스닥,1142
기관,1084
억원,1008
매수,961
상승세,958
대비,958
보이,952
시장,893
매도,893
회사,865
해당,849
투자자,807
개인,806
바이오,756
대한,756
기록,754
기업,752
투자,725
상위,700
한국,647
업종,634
마감,618
강세,607
증가,581
코스피,560
상한,527
발표,527
시가총액,510
현재,503
개발,497
주요,494
기사,493
기술,481
미국,458
결정,456
계약,448
증권,441
사업,424
소식,412
거래량,404
또한,398
전자,393
크게,391
산업,383
제약,377
급등,377
각각,367
계획,360
정보,350
일부,348
치료,348
코로나,347
가격,340
예정,334
규모,327
최근,314
기준,313
대부분,311
제공,307
이상,307
장비,305
통해,304
국내,302
분야,298
공급,295
위해,294
포함,294
체결,292
연속,286
에스,286
영향,283
반면,282
약세,281
반도체,281
공시,274
언급,272
가장,272
서비스,270
글로벌,269
뉴스,263
대감,259
가능성,255
요약,255
에코,255
생산,252
포인트,252
전일,240
중국,237
다른,235
코드,233
최대,230
셀트리온,226
경제,223
업체,222
상장,222
주목,220
건설,219
이후,216
부품,211
이익,210
협력,209
진행,208
전날,206
인수,206
오전,205
다음,202
영업,201
취득,197
동반,196
진단,196
주주,193
성장,189
대해,189
전환,186
삼성,185
중이,184
홀딩스,184
개선,182
우려,182
자금,181
매출,180
불구,178
거래소,178
예상,176
자회사,175
정부,174
전망,173
통신,172
금융,171
분석,171
오른,170
스케,170
제품,169
내용,168
여러,166
관심,165
확보,165
우리,164
테마주,162
에이,162
유상증자,161
테크,161
수익,158
발행,158
실적,157
그룹,155
미래에셋,155
에너지,154
금은,153
승률,151
결과,150
게임,149
추가,149
백신,149
확대,148
승인,147
오늘,147
평가,145
지난해,143
프로,143
세로,142
유지,142
기대,142
증시,140
상황,139
매매,139
도세,138
목록,138
사용,137
프로비,137
카카오,136
최고,133
성과,133
감소,133
시작,132
분기,132
키트,132
전기,131
오후,131
소재,129
주로,125
코오롱,125
매각,125
우위,125
화학,123
운영,122
남북,122
시스템,122
지난,122
의료,122
수요,121
변경,121
아이,121
기반,121
에프,121
효과,120
전체,117
전환사채,116
조세,116
기자,116
솔루션,114
케이,111
보합,111
전문,111
평균,110
변동,110
대표,110
종이,110
자동차,109
보유,108
올해,107
일본,105
판매,104
데이터,104
제조,104
전기차,103
대통령,103
코스피지수,102
주의,101
참여,101
지속,101
방송,101
하이닉스,99
만주,99
보도,99
동안,99
신규,99
긍정,98
돌파,98
로봇,98
철강,97
개별,97
대상,97
운송,97
부문,95
수출,95
수준,95
가치,94
확인,94
차트,94
조회,93
이틀,92
수로,90
현대,90
로부터,90
유가,90
의약품,89
확장,89
심리,89
요구,88
배정,88
에이치엘비,88
이로,87
비금속,87
금속,86
때문,86
목재,86
등락,86
지정,86
무상증자,85
목표,85
환자,85
추진,84
가스,84
이번,84
지역,83
수주,83
합병,83
인터넷,83
씨젠,83
출시,82
세계,82
반등,82
기타,82
출발,82
후보,82
주인,81
신청,81
공사,81
달러,81
석유,81
수의,81
위주,80
지원,80
발생,79
보고,78
은행,78
생명과학,78
항공,78
실시간,78
정책,77
기간,77
금리,77
금액,76
허가,76
기계,76
러시아,76
보증,75
유럽,75
무역,75
코스닥시장,74
플랫폼,74
공개,74
유통,74
배당,74
시간,74
수혜,73
중인,73
보통주,73
수급,73
중공업,73
화장품,73
국제,73
정밀,73
북한,73
포스코,73
식품,73
협상,73
모두,72
사상,72
물질,72
다시,72
제조업체,72
모습,71
도달,71
조치,71
작용,71
법인,71
연구,70
재무,70
섬유,70
활용,69
진출,69
향상,69
에이치,69
시스,69
기존,68
코리아,68
추세,68
업데이트,68
고객,68
특정,68
목적,68
디지털,68
전문가,66
성공,66
채무,66
차지,66
급증,66
만원,65
프로젝트,64
약품,64
경영,64
상태,64
위험,64
연결,64
국순당,64
가운데,64
인공,64
미래,63
현금,63
동향,63
완화,63
고가,63
직스,63
지능,63
초반,63
경기,63
라이온,63
사항,62
공장,62
가지,62
완료,62
기여,62
고려,62
아시아나,62
별로,62
연관,62
안정,61
위원회,61
역시,61
신종,61
바이러스,61
우크라이나,61
초전도체,61
조원,60
대표이사,60
금융투자,60
제한,60
처음,60
의견,60
앤디,60
특허,60
재개,59
차익,59
시설,59
신약,59
검사,59
서비스업,59
엘앤,59
화폐,58
호조,58
사료,58
연구원,57
공동,57
대형주,57
롯데,57
현대차,57
이데일리,57
조정,57
광물,57
자기,57
배터리,57
준비,56
파트너,56
해외,56
케미칼,56
오락,56
보험,56
라씨,56
고수,56
내년,55
대우,55
콘텐츠,55
정상회담,55
두산,55
확산,55
소프트웨어,54
집중,54
호재,54
설립,54
변동성,54
세포,54
손실,54
절차,54
수익률,54
개장,54
논의,53
종가,53
한화,53
도움,53
순위,53
운수,53
경신,52
서울,52
문화,52
연방,52
홀로,52
호스,52
리튬,52
하나,51
제출,51
선정,51
발전,51
관리,51
규제,51
처분,51
진자,51
어가,50
신라,50
중단,50
경우,50
회복,50
윤석열,50
회장,49
구축,49
구조,49
향후,49
마련,49
사이언스,49
파워,49
기업인,49
본부,48
환율,48
테마,48
모바일,48
파마,48
작성,48
플러스,48
투자가,47
코스,47
공업,47
활동,47
분쟁,47
전반,47
사주,47
실현,46
위치,46
현저,46
체인,46
달성,46
테크놀로지,46
조사,46
골든,46
해제,46
건설업,46
의류,46
자체,45
분할,45
스팩,45
자율,45
로서,44
약물,44
아래,44
제도,44
프로그램,44
신호,44
국가,44
자산,43
신주,43
환경,43
계속,43
물류,43
사인,43
핵심,43
제외,43
열사,43
첨단,43
번호,43
제작,43
인프라,43
개월,43
보고서,43
행사,43
제기,43
항체,43
정지,43
코로나바이러스,43
테슬라,43
위메이드,43
가상,42
하이,42
관계,42
방식,42
한편,42
경험,42
온라인,42
한미,42
비율,42
답변,42
물량,42
감염증,42
최초,41
조달,41
건강,41
네이버,41
강조,41
금호,41
종합,41
어비스,41
크로스,41
하루,40
엔터테인먼트,40
센터,40
장기,40
주식회사,40
한진,40
상장폐지,40
사자,40
알파,40
지주,39
제조업,39
설명,39
경쟁력,39
이유,39
인기,39
모든,39
주식시장,39
문제,39
공매도,39
대규모,38
기회,38
친환경,38
시험,38
적용,38
유전자,38
요청,38
분류,38
심사,38
출판,38
스틸,38
임상시험,37
형성,37
뱅크,37
순이익,37
동기,37
중심,37
긴급,37
나스닥,37
곡물,37
급락,36
단기,36
스튜디오,36
나머지,36
압력,36
믹스,36
일선,36
유입,35
주주총회,35
선임,35
대응,35
브랜드,35
사건,35
나열,35
뉴욕증시,35
기한,35
수가,35
음식,35
아시아,35
자사,35
케이엠,35
매체,34
전하,34
자본,34
선물,34
바탕,34
국내외,34
비롯,34
발언,34
한국어,34
사채,34
철도,34
기능,34
애플,33
도입,33
더욱,33
강화,33
전략,33
엔지니어링,33
보안,33
인베스트먼트,33
실시,33
대형,33
공정,33
낙폭,33
매입,33
사모,33
흐름,33
약국,33
해지,33
보장,33
성실,33
대한항공,33
뉴욕,33
컴퓨터,33
현상,33
주행,33
제시,32
이용,32
업계,32
사례,32
확정,32
블록,32
식품의약품안전처,32
토건,32
구매,32
여부,32
지표,32
원료,32
버스,32
적극,32
원자력,32
입증,31
공모,31
비용,31
기기,31
작업,31
검토,31
전쟁,31
컴퍼니,31
기가스,31
쌍용차,31
지난달,31
복제,31
메타,31
변화,31
이름,31
더블유,31
효성,30
차세대,30
특수,30
바이,30
상반기,30
연구소,30
영화,30
디톡스,30
단계,30
로보틱스,30
신탁,30
미디어,30
교육,30
대체,30
방문,30
갈등,30
팔자,30
해운,30
원전,30
유의,30
구체,29
매물,29
나노,29
통신업,29
일반,29
오토,29
개최,29
에스티,29
경쟁,29
적자,29
사람,29
풍력,29
계열,29
중앙,29
항암제,29
방어,29
대체로,29
모비스,29
부담,29
지지,28
덕분,28
디스플레이,28
인증,28
세미,28
주도,28
부동산,28
권리,28
라인,28
조언,28
중동,28
혜주,28
알미늄,28
북미,28
스마트,28
희토류,28
정치,28
대상자,28
정보기기,28
제지,28
구성,28
병원,28
마시스,28
리더,27
잠재력,27
치매,27
합의,27
흑자,27
제로,27
노스,27
이전,27
전력,27
우선,27
대량,27
앤지,27
반영,27
안전성,27
이벤트,27
신소재,27
금지,27
의미,26
측면,26
면역,26
이차전지,26
지급,26
상환,26
담당,26
예측,26
조합,26
케어,26
이노베이션,26
유통업,26
관광,26
유동성,26
조선,26
유니온,26
수젠텍,26
유진,25
대신,25
연구개발,25
삼화,25
독점,25
문재인,25
네이처,25
네트웍,25
제넥신,25
베트남,25
제철,25
위탁,25
여행,25
컨소시엄,25
수입,25
질환,25
담배,25
인하,25
협약,25
인상,25
우진,25
상향,25
민주당,25
장관,25
금융업,25
단기간,25
대금,24
연간,24
주택,24
설비,24
텔레콤,24
선도,24
평화,24
모터,24
직접,24
진양,24
남선,24
플레이,24
머티리얼즈,24
지노,24
쌍방울,24
이재명,24
엔비디아,24
골드,23
맥스,23
편입,23
소송,23
암호,23
수소,23
전지,23
사회,23
자원,23
잠재,23
줄기세포,23
스템,23
비츠로,23
마이크로,23
사의,23
세력,23
능력,23
소프트,23
발견,23
크리스탈,23
동부,23
소개,23
등록,23
업무,23
관망,23
부정,23
나인,23
질병,23
국산,23
녹십자,23
마스크,23
대성,23
증권사,23
부채,23
비트코인,23
가로,23
물가,23
상품,22
회의,22
보호,22
하반기,22
아프리카,22
제재,22
매장,22
물산,22
반응,22
거나,22
의복,22
품목,22
호실,22
회생,22
창고,22
푸드,22
배열,22
하림,22
모빌리티,22
감염,22
센서,22
그린,22
해상,22
쿠팡,22
나무,21
만기,21
토지,21
자재,21
관계자,21
분위기,21
신세계,21
효율,21
마지막,21
링크,21
동물,21
초기,21
낙관,21
자료,21
당국,21
입금,21
위기,21
주장,21
예고,21
담보,21
방역,21
실험,21
부족,21
시각,21
집계,21
모듈,20
드림,20
시너지,20
증자,20
제안,20
진입,20
베스트,20
고체,20
인도,20
엔진,20
공개시장,20
케이피,20
이사,20
도로,20
사흘,20
루스,20
시멘트,20
삼부,20
검증,20
참고,20
경남,20
재료,20
진원,20
영국,20
관찰,20
출판사,20
풀이,20
둔화,20
과정,20
돼지,20
그래핀,20
미스,20
큐브,20
델타,20
결제,20
화이자,20
상온,20
비트,19
초점,19
치인,19
역할,19
제의,19
출자,19
분율,19
건물,19
생명,19
마켓,19
해결,19
차량,19
리얼,19
연료,19
노력,19
동시,19
파이프라인,19
넥스,19
트럼프,19
에스엠,19
약사,19
닉스,19
소각,19
부가,19
포장,19
장치,19
천연가스,19
숫자,19
경고,19
갤럭시,19
상회,19
피씨,19
렉스,19
기아차,19
연장,19
최종,19
헬릭스,19
제이,19
입찰,19
시약,19
첫날,19
일동제약,19
페이,19
검찰총장,19
섹터,19
지사,19
통한,18
교수,18
항암,18
모델,18
통합,18
기적,18
부산,18
임시,18
사외이사,18
처리,18
통상,18
캐피탈,18
엠씨,18
우선주,18
스타,18
방법,18
사태,18
추출,18
저가,18
이화,18
추천,18
조건,18
셀루메드,18
리서치,18
선언,18
납품,18
수치,18
마니커,18
니아,18
네트워크,18
식료품,18
항상,18
트리,18
설계,18
연기금,18
불확실,18
사유,18
사이,18
리츠,18
애플리케이션,18
차익거래,18
경협,17
부진,17
원인,17
블루,17
테스트,17
방안,17
비중,17
부분,17
논란,17
수소차,17
일진,17
머티,17
안철수,17
투입,17
시가,17
지정학적,17
트론,17
체제,17
엔씨,17
일제,17
일보,17
엑세스,17
몇몇,17
마무리,17
신축,17
현지,17
부양책,17
악화,17
의장,17
페인트,17
태양광,17
폐렴,17
거리,17
니켈,17
밀러,17
타이밍,17
재건,17
이해,16
스코리아,16
양산,16
예정일,16
부과,16
다수,16
인도네시아,16
사임,16
레이저,16
통과,16
엔피,16
기인,16
양도,16
영상,16
지연,16
무료,16
채권,16
정기,16
임원,16
의료기기,16
급상승,16
자동,16
대선,16
드래곤,16
협의,16
양사,16
로템,16
천억원,16
반복,16
동방,16
최저,16
희귀,16
세종,16
데이타,16
운송업,16
컨텐츠,16
침체,16
품질,16
길이,16
설치,16
오픈,16
생활,16
탈모,16
리기,16
클럽,16
항원,16
뉴딜,16
프라이드,15
동력,15
조기,15
위반,15
혐의,15
교체,15
활성화,15
수도,15
구역,15
라이트,15
감사,15
점유,15
추정,15
상사,15
넥스트,15
씨아이,15
열병,15
인포,15
상대,15
움직임,15
천만,15
마케팅,15
공단,15
인터,15
드라마,15
시사,15
긴장,15
원유,15
생명공학,15
이사회,15
억제,15
모멘텀,15
사실,15
일이,15
혜택,15
차용,15
천주,15
디스,15
시점,15
상용,15
청구,15
이낙연,15
가처분,15
바스,15
위축,15
일정,15
흥국화재,15
간의,15
전장,15
리드,15
지엔,15
기도,15
미코,15
임플란트,15
테라,15
충전,15
투여,15
금호아시아나,15
너비,15
이동,15
요인,15
위드,15
외인,15
실질,15
바이든,15
스토리,15
매트릭스,15
무관,15
사용승인,15
대웅제약,15
디티앤,15
인플레이션,15
전자신문,15
에디슨,15
대기업,14
이드,14
양수,14
유안,14
수행,14
티에스,14
중소,14
성창,14
브이,14
인터내셔널,14
제강,14
교환,14
부인,14
골프,14
제과,14
플랜트,14
자신,14
명의,14
정상화,14
신설,14
주력,14
폐암,14
가까이,14
실제,14
한창,14
수산,14
코퍼레이션,14
요소,14
취소,14
유망,14
전선,14
나라,14
경계,14
단일,14
원자재,14
라이,14
비상,14
정리,14
다각,14
거의,14
부양,14
고유,14
기아,14
토박,14
위로,14
시트,14
선호,14
하향,14
수술,14
최소,14
주권,14
결합,14
클라우드,14
대출,14
이글,14
쌍용,14
분자,14
두기,14
비대,14
커뮤니티,14
합작,14
레인보우,14
구진,14
수산화,14
상업,13
사가,13
시큐리티,13
전국,13
복합,13
쇼핑,13
흡수,13
용량,13
동성제약,13
기술이전,13
과제,13
허용,13
혁신,13
아이디,13
대주,13
의지,13
예스,13
축소,13
입지,13
개성,13
자가,13
국민,13
스마트폰,13
비핵화,13
철회,13
디엠,13
비엔,13
가액,13
오메,13
국채,13
장사,13
방지,13
진흥,13
이행,13
고조,13
호황,13
임명,13
현장,13
방탄소년단,13
제주,13
종료,13
금강,13
덴트,13
판단,13
아이티,13
오공,13
모트,13
디자인,13
디바이스,13
메탈,13
넷마블,13
취하,13
엠에스,13
파악,13
공격,13
일간,13
성능,13
조국,13
손해,13
청약,13
주간,13
판결,13
소비,13
신속,13
렘데,13
시비르,13
완성,13
맞춤,13
소집,13
총장,13
원숭이,13
원화,12
서울대,12
치료법,12
선박,12
이외,12
어치,12
과열,12
펀드,12
필수,12
기각,12
한컴,12
췌장암,12
배당금,12
대구,12
법안,12
지니,12
연휴,12
브릿지,12
합성,12
증대,12
관리종목,12
웨어,12
독일,12
방위산업,12
파미셀,12
관절염,12
세아,12
횡령,12
이자율,12
의무,12
스킨,12
리스크,12
조성,12
접근,12
비료,12
부상,12
대원,12
유니,12
기차,12
동아,12
민간,12
주류,12
사용자,12
의원,12
가공,12
면제,12
부광약품,12
별도,12
혈액,12
세원,12
재생,12
해소,12
일시,12
오펙,12
사고,12
비엘,12
엑스,12
자동화,12
규정,12
한국은행,12
비차,12
화천,12
의존,12
촉진,12
재정,12
상이,12
퓨얼,12
현물,12
청구권,12
파월,12
외국,12
대웅,12
증설,12
리노,12
행차,12
여론조사,12
옥션,12
두창,12
엔켐,12
소비자,12
페라이트,12
시도,11
차기,11
무기명,11
감자,11
중형,11
육성,11
엠디,11
대화,11
타이어,11
아마존,11
정상,11
인스코비,11
남북정상회담,11
경협주,11
신주인수권,11
심의,11
인수합병,11
텍스트,11
동양,11
지방,11
직원,11
유효,11
도시,11
알음,11
아스,11
종은,11
효능,11
등장,11
티플랙스,11
알루미늄,11
휴맥스,11
지주회사,11
지식,11
아난,11
어려움,11
출원,11
상치,11
단체,11
시판,11
인정,11
절반,11
크론,11
감염병,11
백만,11
메모리,11
총리,11
제약회사,11
표준,11
낙스,11
수량,11
유니슨,11
러셀,11
파킨슨병,11
에어부산,11
뮤직,11
측은,11
레고,11
필름,11
비비안,11
일주일,11
무려,11
부작용,11
법무부,11
차질,11
투신,11
포항,11
이슈,11
발전소,11
비프,11
랜드,11
대폭,11
다우존스,11
재택근무,11
단독,11
법원,11
제거,11
가속,11
토스,11
광림,11
박셀,11
싸이월드,11
하인,11
긴축,11
다운로드,11
드론,11
이브이,11
채널,10
유방암,10
특허권,10
부사,10
법률,10
오션,10
라이브,10
코인,10
시범,10
전역,10
특징,10
안전,10
폐쇄,10
다날,10
레벨,10
하드웨어,10
대학,10
자원부,10
유럽연합,10
미세먼지,10
식량,10
단지,10
엔씨소프트,10
넥슨,10
제인,10
폐지,10
군사,10
영향력,10
안랩,10
모니터링,10
감시,10
퍼시픽,10
스카이,10
지위,10
드래곤플라이,10
버전,10
삼양식품,10
데코,10
텔콘,10
판매량,10
이즈,10
오케이,10
도널드,10
투약,10
태양,10
디엔에이,10
초과,10
소유,10
공약,10
백만원,10
지적,10
앤비,10
국영,10
국무총리,10
방향,10
견인,10
시티,10
매우,10
농업,10
과도,10
통제,10
반대,10
대다수,10
엔도,10
자리,10
본격,10
부국,10
대마,10
모색,10
에스케이,10
대만,10
사장,10
일과,10
시한,10
상신,10
만도,10
문서,10
티슈,10
직면,10
기준금리,10
흥행,10
티앤,10
공식,10
소문,10
필요성,10
제롬,10
알서포트,10
중앙은행,10
트렌드,10
효소,10
연말,10
컴투스,10
인적,10
출마,10
항목,10
속도,10
이노,10
율과,10
동국,10
게시,10
행보,10
중소형주,10
제휴,10
오피스,10
기업가,10
신작,10
토큰,10
오미크론,10
플레이스토어,10
퓨처,10
서남,10
맥신,10
관련성,9
무선,9
예산,9
브레인,9
신성,9
재개발,9
정비,9
합자회사,9
부여,9
사우디,9
홍콩,9
지방선거,9
금융감독원,9
네트,9
해양,9
급성,9
주시,9
스페코,9
한반도,9
복원,9
예비,9
증식,9
결산,9
작년,9
엠넷,9
날짜,9
전달,9
심볼,9
예수,9
지난주,9
고용,9
보복,9
대림,9
학회,9
종양,9
존재,9
교통,9
혼합,9
한라,9
건축,9
과거,9
원가,9
동남아,9
다소,9
한국전력,9
한솔,9
체계,9
대유,9
빅데이터,9
매력,9
발주,9
불안,9
화성,9
투명,9
인천,9
내츄럴,9
신화,9
빗썸,9
레저,9
장주,9
상당,9
콤텍,9
탄소,9
경향,9
미생물,9
항생제,9
빅히트,9
무상,9
유한양행,9
오스,9
포스,9
비교,9
폴리,9
웅진,9
정말,9
퓨전,9
디지털콘텐츠,9
자연,9
협업,9
하방,9
소속,9
높이,9
대우건설,9
구글,9
위지트,9
삼보,9
압박,9
생산량,9
지온,9
크라운,9
엠티,9
불매운동,9
남영,9
오염수,9
진전,9
유류,9
사우디아라비아,9
물이,9
제어,9
모나리자,9
기생충,9
개학,9
능률,9
이내,9
검체,9
노루,9
노터스,9
첨가제,9
근거,9
방산,9
종근당,9
역대,9
아파트,9
배송,9
대한전선,9
창업,9
안정화,9
공급망,9
폴라리스,9
리온,9
침공,9
정보기술,8
카메라,8
적응,8
권부,8
식수,8
씨티,8
플렉스,8
뉴보텍,8
유도,8
자릿수,8
선별,8
집단,8
대책,8
통화,8
연합,8
양자암호,8
상호,8
도모,8
암세포,8
재무제표,8
선택,8
손상,8
로스,8
인지,8
페이퍼,8
착수,8
것임,8
관세,8
협주,8
대우조선,8
전용,8
광고,8
코비,8
채권자,8
전해질,8
소형,8
동해,8
안보,8
키이스트,8
한강,8
남광,8
증상,8
통화정책,8
영진,8
가인,8
간염,8
동원,8
형태,8
개사,8
박사,8
알츠하이머,8
응용,8
종전,8
유출,8
나이벡,8
펩타이드,8
의혹,8
포스코엠텍,8
위원장,8
표명,8
범위,8
아연,8
유엔,8
알텍,8
아모레퍼시픽,8
오토메이션,8
당뇨병,8
인식,8
할인,8
희림,8
최신,8
밸브,8
시행,8
주문,8
복구,8
문배,8
해석,8
다만,8
운반,8
불안감,8
알고리즘,8
마크,8
오리엔트,8
메르스,8
유통업체,8
강스,8
생명자원,8
전이,8
연설,8
반납,8
특별,8
제약업,8
신흥,8
이월드,8
약화,8
파일,8
이티,8
친구,8
위세,8
노랑,8
풍선,8
에이스,8
티스,8
와이지엔터테인먼트,8
보로,8
병용,8
자문,8
동결,8
이란,8
등급,8
태림,8
복귀,8
대여,8
자산운용,8
손해배상,8
한류,8
유주,8
무기,8
노바,8
베이스,8
다산,8
완전,8
악재,8
개국,8
대안,8
중요,8
추후,8
원대,8
주전자,8
동국제강,8
블러,8
썸엠앤,8
여성,8
하이트진로,8
보수,8
패션,8
척추,8
논문,8
단백질,8
일봉,8
이자,8
개시,8
시간대,8
성분,8
수반,8
체외,8
상상,8
아이큐,8
판지,8
샘표식품,8
카페,8
알톤스포츠,8
배임,8
봉쇄,8
유화,8
전면,8
우한,8
폐기물,8
카이,8
연기,8
세계보건기구,8
기구,8
예방,8
천억,8
유일,8
월간,8
덕성,8
조선해,8
천보,8
가동,8
펩트론,8
칩스,8
밸런스,8
패널,8
재활,8
원격,8
나파,8
포트폴리오,8
부유,8
이수화학,8
직무,8
통계,8
컨테이너,8
중립,8
누적,8
진료,8
리아,8
동문,8
간밤,8
프레스티지,8
실리콘,8
미르,8
오노,8
루닛,8
광산,8
저항,8
상압,8
한동훈,8
씨켐,8
명시,7
약주,7
언론,7
티아이,7
웨이브,7
과학기술원,7
완공,7
지스,7
옵션,7
결의,7
실권,7
형제,7
울산,7
액션,7
스퀘어,7
연동,7
이커머스,7
인트로메딕,7
화피,7
유형,7
이씨,7
써니,7
디스커버리,7
스틱스,7
정공,7
빅텍,7
면서,7
티시스,7
신임,7
에쓰,7
지엠,7
국동,7
대북,7
코넥스,7
철관,7
월드,7
알콜,7
각자,7
제일제당,7
표면,7
독립,7
나노메딕스,7
주식매수선택권,7
수단,7
웨이,7
아스타,7
비온,7
랩스,7
선대,7
부각,7
대한해운,7
화신,7
포털,7
차원,7
로써,7
이의,7
해체,7
룩스,7
변수,7
정도,7
공항,7
데브,7
원장,7
과학,7
공고,7
샘표,7
레이,7
사모펀드,7
도약,7
동일,7
종결,7
마비,7
배럴,7
확진,7
보건,7
교정,7
허브,7
코스모신소재,7
고속,7
스톤,7
포괄,7
조금,7
약간,7
기조,7
팔고,7
엠게임,7
나흘,7
포지션,7
프리,7
모건스탠리,7
성우,7
스페이스,7
엠아이텍,7
승리,7
회하,7
아이엠,7
경제지표,7
효력,7
인보,7
대창,7
지배구조,7
코드명,7
필요,7
구리,7
상대로,7
모티브,7
줌인터넷,7
인력,7
유비,7
해성,7
공주,7
초래,7
유한회사,7
레드,7
반사,7
선거,7
아베,7
동남아시아,7
음료,7
멀티,7
방출,7
공간,7
각국,7
증폭,7
자로,7
공우,7
지목,7
분리,7
센트럴,7
디즈니,7
에듀,7
홀딩,7
작품,7
발동,7
라이프,7
추구,7
지오,7
등세,7
삼진,7
주연테크,7
새해,7
지에스,7
강보,7
합세,7
클린룸,7
용품,7
나우,7
닉티,7
제작사,7
획득,7
조원태,7
사이토카인,7
약속,7
중외,7
어스,7
패키지,7
인물,7
아이엘,7
캐리,7
태웅,7
센트,7
로이스,7
중증,7
메이슨,7
인산,7
염증,7
격의,7
삼천리자전거,7
제철소,7
휴메딕스,7
유행,7
확충,7
토탈,7
한글과컴퓨터,7
동진,7
쎄미켐,7
니스,7
보툴리눔,7
톡신,7
스타트,7
생태계,7
리스트,7
지지율,7
접종,7
근무,7
카바,7
트레이딩,7
머스크,7
페이스북,7
퓨틱스,7
트릴,7
지출,7
하임,7
큐릭스,7
하나마이크론,7
스타트업,7
이정재,7
팬오션,7
의향,7
가전,7
라이선스,7
챗봇,7
초전도,7
불닭볶음면,7
시추,7
대마초,6
합법,6
형식,6
한선,6
이노텍,6
클론,6
천만원,6
라인업,6
패치,6
세종시,6
로메,6
대장,6
호기,6
중임,6
스텍,6
임박,6
전자인증,6
입장,6
우수,6
배출,6
이마트,6
제이스,6
넥센,6
공유,6
선전,6
경북,6
사명,6
마약,6
개정,6
명문제약,6
투표,6
법적,6
고위,6
정유,6
충족,6
학원,6
수령,6
정정,6
나이스,6
총선,6
유로,6
당일,6
박스,6
오리,6
오프라인,6
김정은,6
송전,6
재상,6
국민연금,6
그램,6
정수,6
호가,6
타임,6
상담,6
접속,6
지주사,6
동의,6
주제,6
수용,6
방향성,6
인간,6
엔젤,6
스테,6
도화,6
간접,6
초소,6
영위,6
비판,6
아웃,6
국토교통부,6
만큼,6
보통,6
케이블,6
이건,6
젬백스,6
주주명부,6
시법,6
개편,6
통보,6
분양,6
기와,6
회담,6
슈퍼,6
배당률,6
메가스터디,6
시스터즈,6
대의,6
마이크,6
식별,6
신뢰,6
조광,6
일환,6
절감,6
양호,6
호텔,6
즉시,6
위성,6
건의,6
루게릭병,6
위협,6
본사,6
여기,6
발병,6
장내,6
토크,6
템즈,6
유신,6
씨앤,6
전염병,6
극대,6
출하,6
중점,6
신한지주,6
윈텍,6
번의,6
삼륭물산,6
코센,6
대덕,6
디케,6
쌍끌이,6
오로라,6
옵티,6
버킷,6
보급,6
실업,6
정다운,6
코닉,6
프리미엄,6
세코,6
시리즈,6
닷새,6
성도,6
카드,6
직전,6
단순,6
생존,6
세대,6
항공우주,6
아이즈,6
에탄올,6
부로,6
쇼핑몰,6
장세,6
포럼,6
부방,6
지배,6
모두투어,6
상의,6
공작기계,6
크루셜텍,6
미스터,6
다중,6
콘덴서,6
이안,6
사업자,6
운동,6
권고,6
신발,6
상쇄하,6
후쿠시마,6
시노펙,6
재단,6
인트론,6
파이,6
한전기술,6
제당,6
잠정,6
나선,6
지엘팜텍,6
이토,6
우정,6
어플,6
항공사,6
잔고,6
조직,6
아이스크림,6
이준,6
입각,6
애경,6
애니메이션,6
수도권,6
엔비,6
초록,6
채취,6
서명,6
루트,6
덕양,6
영풍,6
세진,6
부대,6
단조,6
엘컴텍,6
광산업,6
글라스,6
서린,6
바디,6
안내,6
부자,6
케이프,6
해명,6
디앤,6
씨엘,6
직행,6
요건,6
일양약품,6
백혈병,6
포커스,6
한도,6
부회장,6
세트,6
억제제,6
학술,6
측정,6
케미컬,6
일수,6
표시,6
유전,6
차이,6
존뉴딘,6
자안,6
제이씨현,6
동화,6
라이넥,6
피혁,6
로지,6
택배,6
강관,6
인콘,6
니드,6
바이옴,6
조립,6
도구,6
우주,6
팩토리,6
가정,6
특성,6
동서,6
대법원,6
브라질,6
장량,6
애널,6
트릭,6
앤티,6
신의,6
언택트,6
이오,6
한전,6
저장,6
비즈니스,6
상하이,6
마이크로소프트,6
운임,6
혈당,6
배제,6
대란,6
디아,6
옥수수,6
테크노,6
당선인,6
유저,6
패키징,6
동영상,6
디바이,6
만약,6
최재형,6
알앤,6
이의신청,6
배우,6
벅스,6
하이브,6
초고,6
폴란드,6
전월,6
착시,6
우먼,6
피부,6
미래나노텍,6
솔트룩스,6
이스라엘,6
스레드,6
대동,6
영일만,6
앞바다,6
부의,5
위암,5
화가,5
금융기관,5
임대,5
카프로,5
자본시장,5
서브,5
무제한,5
서울시,5
기본,5
확립,5
시큐브,5
중요성,5
전임,5
음성,5
큐어,5
광역,5
데이터베이스,5
화전,5
테판,5
덴티움,5
열풍,5
전송,5
사이클,5
릭스,5
영역,5
훈련,5
선익,5
이엠,5
우리은행,5
이탈리아,5
여력,5
국무위원,5
판문점,5
대로,5
포스코강판,5
퓨쳐,5
엔시,5
파라다이스,5
주체,5
바로,5
로고스,5
이미지,5
자발,5
알리,5
노조,5
인체,5
카지노,5
시스코,5
이온,5
인자,5
유래,5
게재,5
버즈,5
서프라이즈,5
노선,5
차입,5
의결권,5
인민,5
딕스,5
인스,5
다스,5
아세아,5
화투,5
혜인,5
차관,5
따라서,5
독성,5
공구,5
화승,5
티케,5
경량,5
퍼스,5
실행,5
엔터,5
예시,5
상반,5
몰리,5
앤엠,5
남부,5
맞이,5
형강,5
상무,5
명단,5
투자수익률,5
만료,5
소규모,5
신경,5
소셜,5
점수,5
용지,5
이스트소프트,5
푸른,5
웹툰,5
탈퇴,5
소수,5
철강업,5
수오,5
유해,5
여름,5
현실,5
국빈,5
푸틴,5
프티,5
대두,5
수산물,5
로스웰,5
에어컨,5
유위,5
오텍,5
인근,5
연중,5
참석,5
중소기업,5
스피커,5
특화된,5
간암,5
교보,5
거절,5
파루,5
서도,5
제제,5
시즌,5
가위,5
전진,5
보해양조,5
가량,5
조명,5
티닙,5
선두,5
결론,5
계약금,5
리우,5
통찰,5
캐스트,5
행위,5
씨디,5
넷게임즈,5
원우,5
화인,5
아주,5
도우,5
대한민국,5
어제,5
고의,5
승일,5
진공,5
발급,5
행렬,5
플랜,5
혈관,5
투비소프트,5
이중,5
보임,5
여파,5
의심,5
위함,5
법무,5
도전,5
회수,5
전량,5
망치,5
참조,5
부재,5
서진,5
메리츠화재,5
우리금융,5
소액,5
쿠첸,5
휴대폰,5
미만,5
모나미,5
달리,5
적격성,5
장부,5
베타,5
후성,5
인터파크,5
조절,5
페이스,5
렌탈,5
불매,5
내의,5
사조오양,5
기용,5
비철금속,5
육계,5
양돈,5
체시스,5
양해각서,5
캐나다,5
증여,5
종류,5
미원,5
내화,5
라이언스,5
선데이,5
토즈,5
윌비스,5
채택,5
씨유,5
티라유텍,5
정치인,5
판권,5
코팅,5
컨트롤,5
주입,5
컨버즈,5
구간,5
서원,5
일인,5
배치,5
대거,5
비즈,5
도시가스,5
경보,5
하이텍,5
서연,5
지코,5
본인,5
학교,5
화물,5
비씨,5
비서,5
독감,5
고무,5
제노,5
사직,5
해임,5
단축,5
기금,5
가결,5
관문,5
핵산,5
황교안,5
민감,5
성적,5
애니플러스,5
선재,5
황사,5
점차,5
대중,5
쎄트렉아이,5
한빛소프트,5
피티,5
사이버,5
공인,5
카타르,5
두산인프라코어,5
존속,5
문의,5
이례,5
커머스,5
사무소,5
특화,5
대학병원,5
메카,5
화일,5
온스,5
소마,5
도지사,5
티엔,5
수돗물,5
유충,5
리지,5
비만,5
이수앱지스,5
거듭,5
사제,5
행태,5
총괄,5
배스,5
점검,5
연내,5
피알,5
디지탈,5
페타,5
콜드,5
마스터,5
농도,5
재건축,5
병동,5
초대형,5
해저,5
대량생산,5
코어,5
액면,5
제보,5
파운드리,5
가온,5
자극,5
플리,5
감사원장,5
도량,5
이스타항공,5
기전,5
시운전,5
플라스틱,5
카니발,5
클리,5
휴머노이드,5
구현,5
뉴인텍,5
석탄,5
무산,5
터주,5
전립선암,5
티타늄,5
실사,5
초도,5
카나리아,5
슈프리마,5
협정,5
방류,5
소금,5
센스,5
수수료,4
추산,4
메딕,4
마그네슘,4
아남전자,4
아이폰,4
탑재,4
표적,4
글로비스,4
라우,4
함유,4
선고,4
브리지,4
회차,4
일렉트로,4
마린,4
이용자,4
모터스,4
병합,4
벤치마크,4
이나,4
파생상품,4
하이마트,4
무효,4
차단,4
디엠씨,4
커널,4
아산병원,4
의학,4
사물인터넷,4
리움,4
창립,4
다이아,4
준수,4
벌금,4
백화점,4
매니지먼트,4
쿼티,4
라텍,4
관광객,4
적정,4
물품,4
홈쇼핑,4
차이나,4
폭락,4
포토,4
판매점,4
필드,4
인텔,4
디젠스,4
거점,4
추적,4
유라,4
웹젠,4
탱크,4
피드,4
애드,4
액체,4
밀도,4
터미널,4
반기,4
삼일제약,4
솔로,4
홍보,4
재영솔루텍,4
보성,4
디오,4
엘리,4
베이,4
검찰,4
루미,4
와이비,4
카톡,4
지금,4
멀티미디어,4
모아텍,4
만기일,4
진통제,4
통증,4
더블,4
유치,4
법정관리,4
토팩,4
간주,4
면세점,4
사드,4
사멸,4
입하,4
유증,4
우호,4
메이트,4
대아,4
수용체,4
풍물,4
적합,4
수처리,4
항만,4
어닝,4
자세,4
토목,4
쌍용양회,4
부건,4
재발,4
대명,4
조작,4
계기,4
클러스터,4
사이트,4
투심,4
신원,4
카운트,4
폐기,4
종묘,4
회계,4
정세,4
진정,4
증진,4
열람,4
번역,4
신장,4
시세,4
접수,4
타결,4
모금,4
케어랩스,4
노인,4
이식,4
측정기,4
뉴시스,4
수집,4
부터,4
쿠키런,4
스타코,4
재현,4
모회사,4
내부,4
성신양회,4
윈하이텍,4
식약처,4
유로존,4
양적완화,4
누리,4
유닛,4
한성기업,4
치가,4
소매,4
그레이,4
내내,4
의문,4
부가가치,4
나타,4
난치,4
세금,4
중견,4
이점,4
역서,4
보조,4
타액,4
코프,4
안이,4
격리,4
호흡기,4
뷰티,4
덱스터,4
마이크론,4
툴젠,4
카스,4
권한,4
스틱,4
소속사,4
총회,4
조비,4
파산,4
배포,4
보사,4
하위,4
삼우엠스,4
밀리,4
당시,4
남사,4
개입,4
광진,4
크래프트,4
이탈,4
우디,4
소닉,4
국유,4
웰바이오텍,4
세입,4
정확성,4
기억,4
흥국,4
에스제이,4
위지윅,4
바하이,4
포비,4
스티,4
조각,4
서로,4
한송네오텍,4
개요,4
창제,4
파이낸셜뉴스,4
키다리,4
명예,4
분포,4
화재,4
에어로,4
오리온,4
코다,4
티넷,4
판타지오,4
보라,4
시온,4
문자열,4
이락,4
견조,4
상대방,4
로봇산업,4
프랑스,4
사케,4
이주,4
심화,4
자구,4
설정,4
의결,4
일자리,4
거론,4
항공기,4
비디오,4
신기록,4
조만간,4
미주,4
선진,4
테이프,4
금리인하,4
참가,4
밸류,4
행진,4
이사장,4
홈페이지,4
국세청,4
중간,4
해태,4
유발,4
완치,4
의도,4
논쟁,4
공정위,4
코엔텍,4
에오스,4
사전,4
상쇄,4
도료,4
타입,4
성형,4
여권,4
유니클로,4
편집,4
마트,4
관여,4
배양,4
용기,4
저자,4
관절,4
주사,4
상과,4
후보자,4
보험사,4
머큐리,4
배합사료,4
한국프랜,4
돼지고기,4
개념,4
컨설팅,4
오디,4
출범,4
우성,4
힘스,4
일일,4
보통신,4
행복,4
리보,4
세라,4
팬데믹,4
혈중,4
그네,4
한프,4
청산,4
자전거,4
신용,4
피델릭스,4
직후,4
액토즈소프트,4
로보,4
출신,4
개봉,4
심텍,4
광학,4
토닉,4
성안,4
다양,4
폭풍,4
동인,4
유앤아이,4
동참,4
중기,4
퓨쳐켐,4
유죄,4
소재지,4
친분,4
긴장감,4
소리바다,4
세운,4
업황,4
신고,4
출현,4
코리아나,4
아이앤지,4
아모레,4
텍메드,4
메디앙스,4
유아,4
구독,4
감독,4
아카데미,4
메드팩토,4
사망,4
손오공,4
아랍에미리트,4
이노와이어리스,4
휴비스,4
소독제,4
익스,4
프레,4
공포,4
말라리아,4
국방,4
대결,4
텍스,4
회원,4
위조,4
일로,4
랩셀,4
화로,4
더존,4
길리어드,4
가의,4
개량,4
베스파,4
산유,4
경방,4
홍준표,4
스페인,4
신동빈,4
쎄노텍,4
언스,4
한국판,4
인증서,4
비제,4
대회,4
서버,4
고려제강,4
희귀질환,4
지구,4
부장,4
도발,4
행동,4
무인기,4
퀘스트,4
애국,4
살균,4
블루투스,4
이어폰,4
주변,4
고성능,4
음악,4
토니모리,4
알티,4
비주,4
공영,4
오세훈,4
광동,4
접근성,4
반드시,4
충전기,4
총수,4
선점,4
산아이,4
대강,4
알루코,4
중도,4
교회,4
편의,4
착용,4
천연물,4
자비스,4
가중,4
인더스,4
백억원,4
신문,4
국책,4
발전기,4
사노피,4
대미,4
스큐어,4
태경,4
지방자치단체,4
추석,4
마루,4
코트렐,4
외부,4
패스,4
의사,4
수립,4
평택,4
사마,4
전시,4
차별,4
대행,4
체라,4
국전,4
인포테인먼트,4
트레인,4
넷플릭스,4
인텍,4
포기,4
고령화,4
소프트뱅크,4
전시회,4
제넨셀,4
파크,4
재산권,4
시대,4
쇼박스,4
쿠폰,4
덴티스,4
객체,4
정수형,4
나보타,4
형주,4
시장조사,4
시카고,4
상품거래소,4
인사이트,4
컬리,4
명성,4
기획,4
역량,4
엘라,4
스푸트니크,4
태도,4
국회,4
우울증,4
고문,4
원자로,4
본질,4
진엑스,4
스턴,4
완제,4
양자,4
누세,4
위약,4
폭염,4
오징어,4
장마,4
로슈,4
스포츠,4
타겟,4
휴센텍,4
유튜브,4
순도,4
오프닝,4
블레이드,4
관해,4
스트리밍,4
출국,4
비바,4
리퍼,4
리카,4
중순,4
샴푸,4
인탑스,4
이재용,4
재원,4
블록딜,4
다이나믹,4
강봉,4
가가,4
자의,4
운용,4
미술품,4
이스코,4
커패시터,4
망막,4
샘플,4
유플러스,4
시공사,4
리브,4
셀피,4
경제성,4
단가,4
응답,4
합금,4
알림,4
프로그램매매,4
퀀텀,4
작동,4
큐리,4
전기전도,4
임무,4
하마스,4
밸류업,4
연락,3
체적,3
강건욱,3
기호,3
센싱,3
해역,3
용역,3
노후,3
종사,3
상하,3
기초,3
휠라,3
보령,3
항소,3
투기,3
실명,3
별개,3
내시경,3
최적화,3
원천,3
기업은행,3
감축,3
원강,3
이득,3
특례,3
모제,3
광주,3
아람,3
싱가포르,3
마리화나,3
캘리포니아,3
카운티,3
텔레,3
텔레필드,3
남북한,3
질의,3
피지,3
윈드,3
수출입은행,3
황화물,3
디씨,3
충남,3
책임,3
공지,3
잭팟,3
행정부,3
모레,3
정의용,3
실장,3
특사,3
뇌졸중,3
척수,3
조인트,3
패소,3
불어,3
유로화,3
달러화,3
갤러리아,3
방전,3
파티,3
비적정,3
플레이어,3
리딩,3
클릭,3
안과,3
장원,3
드릴,3
용제,3
촉구,3
조합원,3
외환,3
중장,3
세부,3
호에이,3
운행,3
학술지,3
대조군,3
신장암,3
나이,3
디안,3
상무부,3
일원,3
남북관계,3
에버,3
석재,3
게임빌,3
이천,3
웹사이트,3
후속,3
아스콘,3
태스크포스,3
항의,3
금강산,3
당부,3
코웨이,3
남한,3
국면,3
저장장치,3
파트론,3
몰리브덴,3
다섯,3
노하우,3
우림,3
신청서,3
분식회계,3
제목,3
지질,3
감마,3
트루먼,3
병증,3
워드,3
네오위즈,3
스팀,3
전투,3
소로,3
스냅,3
빌보드,3
보광,3
실무,3
경력,3
갱년기,3
블라디미르,3
옴니텔,3
과대,3
취약,3
수정,3
권장,3
완구,3
헝셩그룹,3
호선,3
보기,3
구속,3
부합,3
캐시,3
칩셋,3
방북,3
등재,3
이뮨셀,3
사내,3
전자통신,3
이제,3
유전체,3
로체,3
평양,3
증후군,3
변모,3
온실가스,3
용의,3
원금,3
타깃,3
마우스,3
크리스,3
라임,3
후퇴,3
비건,3
비소,3
고자,3
코텍,3
극복,3
주자,3
주가수익률,3
반환,3
마일,3
디케이,3
트래픽,3
균형,3
톱텍,3
주정,3
경인,3
하이테크,3
벽산,3
실어,3
비피도,3
제니,3
크루,3
셜텍,3
식별자,3
메트로,3
한독,3
클리오,3
업도,3
동운,3
나텍,3
태국,3
장소,3
일회용,3
강도,3
제이엔,3
히터,3
유니크,3
티비,3
신차,3
정형외과,3
신제품,3
고정,3
브렉,3
하츠,3
일신동,3
용평리조트,3
이노션,3
참고자료,3
오름,3
청와대,3
부결,3
비무장지대,3
무림,3
위원,3
간사,3
엘비세미콘,3
거부,3
제일기획,3
비밀,3
호전,3
운모,3
추이,3
엑사,3
미용,3
정계,3
차례,3
인연,3
그것,3
타임즈,3
격화됨,3
창문,3
실외,3
전자제품,3
남성,3
경기도,3
창고업,3
구입,3
정례,3
안트로젠,3
스탠다드,3
처리장치,3
동남권,3
장점,3
업설,3
임상실험,3
근본,3
재주,3
컨텍,3
하나투어,3
구류,3
서류,3
검색,3
가상현실,3
포션,3
사전예약,3
화면,3
자외선,3
패턴,3
신조,3
한일,3
솔트,3
웍스,3
내의류,3
다우지수,3
발열,3
공백,3
지스트,3
방사,3
내장,3
날인,3
생체,3
순환,3
국립,3
이동형,3
충북,3
박순,3
표면처리,3
가족,3
피해,3
반전,3
원리금,3
연체,3
격상,3
파주,3
비아이,3
신용거래,3
증거,3
신정,3
재배,3
린스,3
삼일,3
장남,3
팍스,3
에스코,3
김정훈,3
라피,3
관리자,3
레이더,3
베셀,3
콘텐트,3
타운,3
정식,3
야기,3
정확도,3
탐지,3
독자,3
아동,3
메디프론,3
여성호르몬,3
콘텍,3
의약,3
구충제,3
제주항공,3
인사,3
총리와,3
겨울왕국,3
에어,3
대위,3
아이콘트롤스,3
벌점,3
국보,3
일리,3
속사,3
선제,3
멕시코,3
출처,3
코스모,3
희비,3
강원,3
유니콘,3
범양,3
정세균,3
맥널티,3
중계기,3
필로,3
전파,3
감기,3
케이씨씨,3
위생,3
보건복지부,3
유유제약,3
요구사항,3
보마,3
소화,3
종식,3
아카데미상,3
관왕,3
농심,3
캐피털,3
조현아,3
캐릭터,3
참여자,3
손소독제,3
비상교육,3
교육부,3
중고,3
시공,3
전주,3
서울식,3
지침,3
만회,3
리오,3
잠식,3
젠텍,3
상자,3
박원순,3
슈펙트,3
자본금,3
배경,3
이명희,3
자격,3
퓨어,3
림프구,3
의회,3
웰크론,3
균주,3
펙사벡,3
상원,3
레이크,3
연구기관,3
혼란,3
믹트,3
튜브,3
올릭스,3
가능,3
어린이,3
플라스미드,3
마치,3
보류,3
멘트,3
비르,3
거푸집,3
신동주,3
안건,3
씨미디어,3
모빌,3
위니,3
웰빙,3
태반,3
생체인식,3
휘닉스소재,3
켐온,3
덕트,3
메신저,3
후판,3
정렬,3
열연,3
고배,3
아이비,3
전기자동차,3
양극,3
저축은행,3
얼마나,3
메드,3
전자부품,3
강경,3
동생,3
경동제약,3
스페셜,3
증액,3
권우,3
티볼리,3
방열,3
화장실,3
감지,3
나은,3
대유행,3
하나로,3
샌드박스,3
정보공학,3
무게,3
항균,3
필터,3
실었습니,3
생물,3
하이퍼,3
에이텍,3
당선,3
중화,3
알츠하이머병,3
복용,3
수지,3
인플루엔자,3
발사체,3
펀더,3
멘털,3
잔액,3
드림텍,3
그대로,3
재수출,3
스위스,3
실물,3
집행정지,3
소프트캠프,3
고등학교,3
스탠더드,3
계양,3
현식,3
후견인,3
본계약,3
처벌,3
배달,3
수해,3
모씨,3
전후,3
탄소배출권,3
구조조정,3
구축함,3
공개매수,3
분사,3
크기,3
메디콕스,3
메콕,3
타워,3
청과,3
뇌전증,3
전무,3
여당,3
최첨단,3
연성,3
중등,3
경희대,3
산학,3
비임,3
시료,3
공중보건,3
반발,3
세방,3
전자상거래,3
재팬,3
이종원,3
서희,3
선출,3
진에어,3
당뇨,3
노동조합,3
아이템,3
실증,3
세제,3
가이던스,3
관사,3
프브,3
권리락,3
결함,3
저온,3
보관,3
이하,3
명분,3
마테라,3
음압,3
병상,3
과학기술,3
청사,3
명령,3
저해,3
호흡,3
안드로이드,3
그나,3
중지,3
파업,3
아이오,3
보존,3
미확정,3
피플,3
장악,3
아트,3
보통주식,3
마이,3
플로우,3
과징금,3
코프라,3
재닛,3
옐런,3
킹덤,3
앱스토어,3
특이,3
무인,3
품귀,3
다이노,3
디티알,3
공세,3
이륜차,3
발굴,3
하우스,3
신선,3
거래처,3
콜마,3
책정,3
염호,3
로버,3
사조,3
대항,3
각형,3
고속도로,3
코세,3
대교,3
당사자,3
야권,3
사이즈,3
수에즈,3
운하,3
개설,3
휴장,3
대치,3
전기자전거,3
가구,3
러시,3
아산,3
재택,3
자약,3
처방,3
위인,3
배수,3
만남,3
상선,3
계좌,3
큐셀,3
청년,3
보상,3
전우,3
리포트,3
럭슬,3
캠페인,3
차로,3
고형,3
미투,3
최재호,3
크래프톤,3
컨퍼런스,3
파일럿,3
유틸리티,3
불공정,3
가입자,3
자이언트,3
스텝,3
리니지,3
제트,3
비투,3
불화수소,3
불가능,3
중화권,3
자랑,3
외형,3
건립,3
국민의당,3
에브리,3
방한,3
동진쎄미켐,3
군사시설,3
선사,3
충돌,3
선포,3
삼천리,3
대통령직,3
합동,3
해외여행,3
빙그레,3
빙과,3
착공,3
룽투,3
역전,3
리튬전지,3
잔금,3
밀레,3
이스트,3
황반변성,3
간편,3
난방,3
팜유,3
색조,3
속성,3
강남구,3
카테고리,3
언어,3
러블,3
건수,3
마코,3
사문서,3
명량,3
네코,3
새빗켐,3
김상헌,3
케일,3
계심,3
구분,3
태백,3
교류,3
대통령실,3
음극,3
위더스제약,3
코콤,3
창설,3
인벤,3
에이즈,3
고스트,3
솔더,3
지탱,3
파적,3
라온텍,3
탄산,3
동월,3
폭스,3
흑해,3
설탕,3
밍양,3
방사성,3
통신망,3
스코프,3
문항,3
저출산,3
사절단,3
대역폭,3
적혈구,3
파두,3
옥스,3
트롤리,3
양자컴퓨터,3
윙입,3
픽셀,3
중입자,3
구속영장,3
팔레스타인,3
무장,3
정파,3
정광,3
타요,3
그린벨트,3
트위치,3
어보,3
요법,3
핑크,3
포티,3
후티,3
반군,3
물리학회,3
아토피,3
까르보,3
시프트,3
가스전,3
클라우딘,3
연초,2
캘리포니아주,2
호용,2
오나노,2
증명,2
성태,2
사우스캐롤라이나,2
선하,2
김영일,2
주춤,2
신한은행,2
라미,2
글루타,2
재판,2
코디,2
정액,2
마블,2
알트,2
하수도,2
관제,2
부제,2
편성,2
분산,2
기밀,2
점점,2
개척,2
대학교,2
광섬유,2
프로브,2
박도현,2
미성년,2
농협,2
이산화탄소,2
넥쏘,2
호평,2
정치권,2
중국인,2
납사,2
모건,2
축적,2
연구자,2
용도,2
새만금,2
법령,2
전담,2
매립,2
공공,2
푸젠,2
파견,2
올림픽,2
감속,2
인터불스,2
엔지니어,2
지투알,2
게임개발,2
납입,2
철근,2
대면,2
액면가,2
일체,2
납부,2
유동,2
스포츠서울,2
정당,2
지선,2
해피,2
수출량,2
생기,2
성사,2
광명,2
리켐,2
경의선,2
리버,2
핸디소프트,2
티엘아이,2
도이치,2
다음주,2
시청자,2
김창수,2
수사,2
프리텍,2
막강,2
투톱,2
채팅,2
조달청,2
비보,2
연고,2
부위,2
절벽,2
추락,2
구함,2
접목,2
건전성,2
연어,2
의제,2
경원선,2
열차,2
번영,2
아진산업,2
해덕,2
문병원,2
블록버스터,2
발현,2
변형,2
약효,2
후생성,2
공습,2
최성환,2
지급준비율,2
우레,2
우도,2
낙찰,2
엔터프라이즈,2
드루,2
야당,2
전남,2
이스터,2
예단,2
오르비,2
파문,2
배분,2
소용,2
조림,2
에틴,2
핵실험,2
렌터카,2
퍼시스,2
등사,2
캠텍,2
보락,2
구광모,2
등기,2
유지인,2
일괄,2
약정,2
메타랩스,2
잭스,2
지배인,2
뉴프렉스,2
넵튠,2
주말,2
당국자,2
산전,2
산출,2
먼저,2
유진기업,2
최정희,2
감상,2
힐링,2
전속계약,2
노동당,2
가스프롬,2
퍼스텍,2
오히려,2
료업,2
데크,2
국제공항,2
론칭,2
히트,2
점화,2
포부,2
혼재,2
양계,2
염기서열,2
감식,2
순방,2
양국,2
아티스,2
소외,2
소비재,2
헝셩,2
컬러,2
무더위,2
기온,2
웃돌,2
기상청,2
돈스코이,2
군함,2
금괴,2
소유권,2
음악제,2
코로스,2
서해,2
발사,2
외교,2
추모식,2
공원,2
노트,2
사양,2
워치,2
수직,2
융합,2
양성,2
귀금속,2
뇌종양,2
교모,2
오명,2
위즈,2
정찬,2
중국산,2
연골,2
공소,2
수상,2
크레인,2
액트,2
스티븐,2
티닛,2
리소,2
씨트립,2
파스,2
전통,2
시타,2
매직,2
투하,2
코픽스,2
복업,2
충방,2
오르락내리락,2
로저스,2
다믈,2
셧다운,2
비피,2
이집트,2
두산건설,2
포스트,2
상금,2
만들기,2
넥스트리밍,2
리빙,2
기계공,2
전보,2
상세,2
생략,2
이정보,2
저널리즘,2
리콜,2
본문,2
로만,2
경추,2
판호,2
초가,2
양상,2
사면,2
티알,2
파인텍,2
글로리,2
가수,2
기연,2
아침,2
슈펙스비앤피,2
이엘,2
번복,2
협동,2
장애인,2
만대,2
선진국,2
무림페이퍼,2
장착,2
박삼구,2
아들,2
일가,2
접촉,2
발매,2
오브,2
진과,2
세도,2
연달,2
금련산,2
판정,2
발송,2
솔루,2
에타,2
알바,2
엘비,2
충격,2
유시민,2
창해,2
실체,2
랜드마크,2
금전,2
화웨이,2
자주,2
소음,2
이글벳,2
합자,2
백광,2
추징,2
대외,2
어음,2
트루윈,2
내비,2
노앨,2
학위,2
탁셀,2
어간,2
미달,2
생각,2
사서,2
매년,2
저비용항공사,2
마찬가지,2
전개,2
손정,2
스페셜포스,2
지적재산권,2
케이디,2
여주,2
고려개발,2
마진,2
연세대,2
무분별,2
난항,2
건조,2
과반,2
파우치,2
총재,2
도부,2
라면,2
실리콘밸리,2
한국렌탈,2
위안화,2
시브,2
스파오,2
폴더,2
증착,2
실린더,2
카페트,2
발모,2
체내,2
티웨이,2
전문의,2
전신,2
방수,2
근처,2
바다,2
우리나라,2
알루,2
삼륙물산,2
브릭,2
바이오디젤,2
기자회견,2
도금,2
불참,2
압연,2
총량,2
엑시콘,2
바닥,2
체리,2
닭고기,2
소자,2
여원,2
가공업,2
농장,2
치사,2
농가,2
농림축산식품부,2
체육,2
육류,2
코미,2
농축액,2
올인원,2
물의,2
아밀로이드,2
키위,2
싸이,2
토젠,2
채집,2
김선영,2
이연제,2
약과,2
권광수,2
예정자,2
지시,2
컴포텍,2
배급,2
오디오,2
직영,2
동남,2
예약,2
가입,2
신스,2
사이언티,2
리그,2
나비,2
상당수,2
간체,2
우유,2
방직,2
대정,2
해마,2
문단,2
비서실,2
공통,2
추측,2
속편,2
네오,2
아티스트,2
정의,2
출력,2
북경,2
리스,2
녹원,2
우상,2
발작,2
티움,2
잇츠한불,2
대모,2
우양,2
아기,2
상어,2
감찰,2
유한,2
스크린도어,2
호환,2
선급금,2
젬백스지오,2
결핵,2
선물옵션,2
점도,2
크린텍,2
취한,2
장함,2
본점,2
지명,2
라이너,2
리메드,2
동창,2
탄약,2
이맥스,2
주년,2
연루,2
서부,2
커피,2
접착제,2
구강,2
아즈텍,2
박종오,2
텍팜,2
소모품,2
대양,2
시청,2
시상식,2
역사,2
아일랜드,2
테스,2
식이,2
바라카,2
운전,2
현황,2
세이,2
코너,2
유치원,2
청도,2
삼자,2
어업,2
주일,2
태평,2
양물,2
도그,2
에스엘,2
전액,2
샘코,2
고려대,2
구로,2
인용,2
도상,2
증산,2
사무실,2
재창,2
주요한,2
활약,2
선물지수,2
사이드카,2
본부장,2
우회,2
반도,2
침해,2
취할,2
미정,2
영업일,2
유료,2
불구속,2
씽크빅,2
화상회의,2
미팅,2
업그레이드,2
라이센스,2
국소,2
레보비르,2
허재,2
불균형,2
무기한,2
터치스크린,2
율호,2
막판,2
에볼라,2
기간산업,2
파수,2
리테일,2
정점,2
각기,2
방선기,2
와이즈,2
코트,2
잉글우드,2
팩키지,2
온라인교육,2
컴퓨팅,2
동물실험,2
페렛,2
이윤,2
호화품,2
단자,2
레이텍,2
핸드,2
경제활동,2
투어,2
라파스,2
지분매각,2
중간배당,2
동성,2
생물공학,2
컨택,2
케이에스,2
인화,2
피오,2
금비,2
주강,2
천연,2
미즈,2
당진,2
액화천연가스,2
당주,2
아미,2
코젠,2
자돈,2
시기,2
폐쇄한다,2
화진,2
팍스넷,2
대남,2
건영,2
파괴,2
태세,2
알에프텍,2
도출,2
파기,2
송과모터스,2
코데즈,2
컴바인,2
요청서,2
흑연,2
대장균,2
주거,2
세균,2
공기,2
내연기관,2
인제,2
원스,2
거동,2
물리,2
고령자,2
순서,2
음질,2
휴대,2
장인,2
보스,2
중장비,2
로프,2
프라,2
테러,2
기원,2
기부,2
퍼센트,2
호일,2
도기,2
비디아이,2
일치,2
레버리지,2
강제,2
기소,2
웰크론한텍,2
뇌척수액,2
안양,2
용인,2
청주,2
삼양사,2
이온교환,2
국유화,2
사망자,2
오류,2
벨기에,2
동정,2
레미,2
췌장염,2
크레딧,2
여론,2
엔텍,2
폭우,2
주지,2
팜스코,2
폭스바겐,2
실망,2
식약청,2
사랑,2
김윤지,2
학습,2
마찰,2
형사,2
네오위즈홀딩스,2
유나이티드,2
아버지,2
조양,2
심판,2
구성원,2
그간,2
소장,2
성장호르몬,2
정화,2
고순,2
용매,2
과잉,2
국립보건원,2
연도,2
바디텍메드,2
영포,2
프렌,2
리밸런싱,2
영진약품,2
레인,2
상장회사,2
장외,2
트롤,2
문장,2
주성분,2
제삼자,2
가칭,2
디펜스,2
기일,2
유량,2
유현,2
납입일,2
초보,2
필옵틱스,2
모집,2
중유,2
신고리,2
페리,2
카나,2
정우현,2
각종,2
거인,2
중복,2
부도,2
미리,2
공법,2
석유화학,2
베어링,2
오피스텔,2
김포,2
농화,2
팬젠,2
바닥재,2
인테리어,2
키스톤,2
진의,2
서한,2
양전기,2
티웨이항공,2
타인,2
퇴임,2
케이이씨,2
경산,2
주택조합,2
연결고리,2
경제범죄,2
캠퍼스,2
기후,2
환경오염,2
엔투텍,2
교촌,2
무시,2
사정,2
종업,2
실패,2
자본잠식,2
남아,2
도로공사,2
필리핀,2
풍력발전,2
시맨틱스,2
쉐어,2
전문성,2
축구,2
한계,2
전자문서,2
계룡,2
강동,2
용접,2
수리,2
인천국제공항공사,2
경구,2
대처,2
이재석,2
숍스,2
인스타그램,2
코이뮨,2
살해,2
보령제약,2
아이파크,2
신재생에너지,2
스테로이드,2
탄력,2
완도,2
트러스트,2
변종,2
피로,2
리튬배터리,2
명명,2
헤드,2
태화,2
박정수,2
생명보험,2
닷컴버블,2
엠코,2
대입,2
제련소,2
네스엠,2
벡스,2
결선,2
젠셀,2
라스,2
개인정보,2
담팔수,2
아유,2
베다,2
재즈,2
콜라보레이션,2
환시,2
호피,2
컨트롤러,2
고리,2
취급,2
정제,2
압타머,2
로보티,2
산이,2
스판덱스,2
재고,2
워커,2
급부,2
아크,2
리안,2
호의,2
라운드,2
오아시스,2
상거래,2
이경민,2
앨러간,2
타의,2
로열티,2
목도,2
켄코,2
오리진,2
로켓,2
널리,2
아르헨티나,2
고철,2
간편식,2
박수완,2
호준,2
비욘드,2
압량,2
이송,2
세척,2
부와,2
마음,2
서울시장,2
호주,2
방영,2
물동량,2
앞서,2
자가진단,2
대원미디어,2
유경,2
발간,2
구성요소,2
주관,2
파의,2
아세안,2
컨테이너선,2
의사당,2
알파벳,2
아이디어,2
티피,2
유력,2
리보핵산,2
하이제,2
남양유업,2
머신,2
가이드라인,2
출산,2
반짝,2
사무,2
호반,2
해운업,2
대학원,2
사도,2
대권,2
이기,2
산타클로스,2
김동녕,2
체코,2
모션,2
이니텍,2
소문내기,2
상품권,2
코로,2
유권자,2
유기발광다이오드,2
오딘,2
발할라,2
샤페론,2
엠투엔,2
이수만,2
프로듀서,2
엔텔스,2
광양,2
티어,2
일상,2
자녀,2
전자파,2
보름,2
기니,2
법정,2
소요,2
부부,2
블룸버그,2
주연,2
런던,2
음원,2
비토,2
추종,2
엑스코,2
습도,2
티켓,2
공공기관,2
문제점,2
상품화,2
씨앤투스성진,2
수인,2
리퍼블릭,2
판독,2
전세계,2
산소,2
인공호흡,2
교육청,2
전직,2
벤처기업,2
세미콘,2
재활용,2
시스템스,2
트러스,2
전설,2
회피,2
유틸,2
메르세데스,2
벤츠,2
이력,2
부지,2
블리자드,2
엄마,2
아빠,2
메디아,2
집행,2
겨레,2
엠브레인,2
디앤엠,2
서방,2
청소,2
코딩,2
한울,2
월성,2
대세,2
액화,2
스탈,2
천원,2
동등,2
급감,2
영업정지,2
타이곤,2
열혈강호,2
호감,2
원작,2
인지도,2
장차,2
기법,2
특별항고,2
집회,2
공함,2
헬로비전,2
당우,2
황반,2
과학자,2
시놉시스,2
바로다,2
스테인리스,2
보일러,2
서초구,2
움직,2
도심,2
엔화,2
폭등,2
오이,2
엘파마,2
라이더,2
상용차,2
토트넘,2
마메,2
공략,2
인위,2
택시,2
마인드,2
말레이시아,2
모임,2
썬더,2
스토어,2
피코,2
휴먼,2
소아마비,2
속보,2
병원체,2
유라시아,2
협회,2
광무,2
시디즈,2
메르,2
행성,2
페이지,2
케이티,2
원텍,2
아우,2
딘퓨쳐스,2
한산,2
하이브리드,2
변환,2
까스텔바작,2
낸시,2
로시,2
하원,2
랠리,2
국정,2
학년,2
양육,2
영유,2
부모,2
지놈,2
감산,2
통지,2
옵투스제약,2
성병,2
격진,2
성광벤드,2
금산군,2
헤드라인,2
큐렉소,2
혈청,2
첨가,2
배지,2
장애,2
원자력발전소,2
경동,2
삼척,2
조광권,2
시정,2
인플레이션율,2
학생,2
황화리튬,2
데모,2
뒷받침,2
태백시,2
희소,2
출연,2
제련,2
정련,2
생산자,2
대략,2
한수원,2
민주,2
노총,2
파트,2
하단,2
싱스,2
레카,2
스마트홈,2
한파,2
프레임,2
인덱스,2
꿈비,2
파인엠텍,2
무연,2
탈출,2
차별성,2
비행,2
디텍터,2
보행,2
엑스트라,2
자석,2
영구자석,2
김인환,2
말기,2
로기,2
증강,2
촉매,2
다우,2
액터,2
표현,2
원희룡,2
그래픽,2
거버넌스,2
삼중수소,2
도쿄전력,2
몸값,2
실리,2
작전,2
감마선,2
킬러,2
가비,2
살라,2
이프,2
먼츠,2
관성,2
저커버그,2
모비,2
데이즈,2
경쟁자,2
인텔리전스,2
행마,2
대봉,2
루시아,2
파로스,2
신중,2
진위,2
김현,2
이석,2
해치,2
유부,2
안착,2
코츠,2
매크로,2
보툴리눔톡신,2
주름,2
토마토,2
화합물,2
독보,2
설법,2
팹리스,2
시속,2
남성은,2
재산,2
합류,2
우드,2
낙광,2
로우,2
펨트론,2
연구시설,2
스피어,2
서재,2
처스,2
기피,2
공랭식,2
희망,2
럼피스킨병,2
원내대표,2
국정조사,2
마이코플라스마,2
이성,2
리포락셀,2
파마슈티컬스,2
빈대,2
살충제,2
마이코,2
플라즈마,2
페루,2
맥주,2
셀라,2
빈혈,2
페릭스,2
객관,2
고서,2
착륙,2
노화,2
머트리얼즈,2
재계,2
질문,2
워크아웃,2
홍해,2
예멘,2
모녀,2
홍라희,2
노스랜드,2
궤양,2
가주,2
슬로우,2
허밍,2
향수,2
릴리,2
너리,2
코셈,2
에이트,2
래몽래인,2
세미나,2
보안법,2
리터,2
연쇄,2
페니실린,2
서치,2
피부염,2
노광,2
포테레,2
칩렛,2
온센,2
간세포암,2
탐사,2
토르,2
아브,2
레우,2
정호윤,1
원일,1
식품의약품안전청,1
출금,1
레시틴,1
소듐,1
라이신,1
박승언,1
권용,1
김일수,1
징역형,1
집행유예,1
현궁,1
구로구,1
수중,1
임차,1
선상지,1
광진구,1
군자동,1
자치구,1
부속,1
수도관,1
수면,1
천식,1
전립선,1
비대증,1
버추,1
얼텍,1
경민,1
용호,1
중부,1
강종구,1
항고심,1
불법행위,1
유지됨,1
코딕,1
주력함,1
홍기,1
인전,1
김효,1
김성은,1
팀스,1
화력발전소,1
헬로,1
계정,1
내야,1
성문,1
특별법,1
비알,1
어피,1
스택,1
가스켓,1
바운드,1
그동안,1
미용실,1
경유,1
옵토,1
일렉트로닉스,1
버크셔,1
해서웨이,1
과민성,1
췌장,1
오성,1
나비스,1
로스앤젤레스,1
노스헐리우드,1
인접,1
평창,1
동계올림픽,1
표준화,1
전북,1
페노피브레이트,1
콜린,1
친수성,1
고지혈증,1
로젯,1
애호가,1
서브프라임,1
모기지,1
프럼파스트,1
개헌안,1
국민투표,1
개헌,1
보엠,1
평창올림픽,1
큐빅,1
엘켐텍,1
마가,1
텍셀,1
일일사,1
부금,1
환기,1
회계감사,1
부적정,1
반체제,1
극우,1
약진,1
가선,1
중심선,1
미역,1
트리트먼트,1
미라클,1
라이프리버,1
개통,1
대용,1
셀론텍,1
간경변,1
이지훈,1
간경,1
획기,1
컬쳐,1
연예인,1
애드컬쳐,1
스트림,1
옐로,1
티엔터테인먼트,1
파인트,1
연우,1
두산엔진,1
이송우,1
의안,1
정가,1
광진윈텍,1
김태훈,1
통운,1
수성,1
불발,1
권태민,1
고충,1
이야기,1
토요일,1
수장,1
오희,1
베네수엘라,1
송유관,1
성철,1
황용득,1
김은수,1
이용준,1
박찬구,1
윤용,1
구성훈,1
시아,1
고독,1
보시,1
실력,1
갈메드,1
방배동,1
사옥,1
이음,1
닷넷,1
골프존뉴딘,1
이광식,1
물자,1
피란,1
로션,1
누구,1
종업원,1
이익공유제,1
호소,1
월보,1
이현민,1
금값,1
나노기술,1
주파,1
자기장,1
가해,1
원리,1
오근,1
엑스레이,1
초음파,1
분구,1
뉴클레오사이드,1
수전,1
루브리컨츠,1
후지필름,1
우태,1
진례산업,1
삼지,1
김선태,1
세명,1
휴전선,1
탈환,1
불스,1
간세포,1
포주,1
줄기,1
세포배양,1
라퓨겐,1
하버드,1
하강,1
실용,1
동경,1
시리아,1
성장기,1
수주로,1
순차,1
삼바,1
피스,1
엘리엇,1
어니스트,1
폭발,1
거품,1
경질,1
섹션,1
범현대,1
해안사,1
다임,1
김영환,1
난소암,1
와플,1
국철,1
중부내륙선,1
문경,1
대륜,1
고영은,1
명문,1
국민은행,1
매일유업,1
포털사이트,1
광전,1
조성은,1
강성,1
차등,1
가드레일,1
인프라스트럭처,1
가파르,1
백두산,1
화해,1
당장,1
우량,1
와이디온라인,1
부적,1
경제특구,1
아스팔트,1
도로포장,1
경협안,1
댐퍼,1
고층,1
배전,1
재무성,1
광업,1
선창,1
창호,1
플러스카드,1
발목,1
공상,1
국광,1
물자원,1
석회석,1
광종,1
스마,1
카셰어링,1
링커,1
앤티앤,1
피앤텔,1
우리넷,1
품절,1
구도,1
관전,1
계리,1
취재,1
합사,1
근적외선,1
양피,1
야스,1
금요일,1
동북아,1
그리드,1
사할린,1
종단,1
코스콤,1
워스트,1
여건,1
균형개발,1
맥쿼리인프라,1
상징,1
다중접속,1
블레스,1
인터페이스,1
보너스,1
종족,1
직업,1
아이리버,1
폼페이,1
국무장관,1
김영철,1
타당성,1
하늘,1
박현욱,1
세이프,1
가드,1
가성,1
원풍,1
전례,1
배합,1
속단,1
당귀,1
종지부,1
찍기,1
장현우,1
압수수색,1
미군,1
송환,1
염기성,1
다형성,1
대조,1
김상조,1
정거,1
개혁,1
코덱스,1
구체화,1
북방정책,1
협조,1
해킹,1
보탰습니,1
신텍,1
성기,1
단순화,1
용존,1
사조해표,1
선풍기,1
선체,1
울릉도,1
인양,1
친선,1
전야제,1
조현,1
외교부,1
보복조치,1
양제츠,1
정치국원,1
률물산,1
현정은,1
정몽헌,1
만이,1
급사,1
전작,1
갤럭시탭,1
쓰리엠,1
장신구,1
메디플란트,1
이일규,1
페로,1
망간,1
광연,1
공동관리,1
김창일,1
이동훈,1
이스,1
반품,1
전부,1
케이스,1
트우윈,1
손자,1
캔서롭,1
국가안보실,1
브리핑,1
주가조작,1
구속기소,1
손세정,1
전긍렬,1
베이트,1
비타,1
수입품,1
연대기,1
영종하늘도시,1
파쇄,1
아이슬란드,1
류병훈,1
에이지,1
로얄,1
크로우,1
체험,1
버추얼텍,1
파이낸셜,1
유용성,1
종종,1
라지,1
블라인드,1
구주,1
투시,1
유압,1
고소,1
작업대,1
레이블,1
코람코,1
안함,1
종자,1
안보리,1
상임이사국,1
메이,1
취함,1
폭탄,1
포스코켐텍,1
김정유,1
통일부,1
면담,1
예외,1
다국적,1
오스코텍,1
노바티스,1
나자티닙,1
이정표,1
면세,1
여행사,1
경상,1
츠비,1
한스,1
총잔량,1
편차,1
현성,1
종도,1
유리,1
주정은,1
에스오일,1
이랜텍,1
상쇄시키,1
대진,1
코바,1
루멘,1
카이로,1
사려,1
전과,1
크릭,1
에이치시티,1
무역흑자,1
남해,1
환경보호,1
분해,1
임창,1
나노캠텍,1
커뮤니케이션스,1
대당,1
보조금,1
창앱,1
외과의,1
파인허스트,1
전방,1
심평원,1
공존,1
웹케시,1
화텍,1
코넬,1
전향,1
텐트,1
비뇨기,1
석기,1
우세,1
와이지,1
터테,1
선화,1
고영,1
비앤티,1
변화량,1
고압,1
보좌,1
이바지,1
조양호,1
생태,1
라이나,1
보필,1
통영,1
죽림,1
신도시,1
그레이스,1
승계,1
퇴진,1
박태진,1
관심사,1
앨범,1
페르소나,1
타이틀,1
어워드,1
승자,1
저주,1
전철,1
조처,1
황동,1
청동,1
비철,1
민제,1
스스로,1
에스에프,1
파워넷,1
다나,1
실마리,1
노무현재단,1
음파,1
소화기,1
검색어,1
외면,1
정반대,1
저변,1
블로그,1
이글루스,1
뉴썸,1
박종문,1
방재,1
소방,1
십억,1
브로드컴,1
권익,1
일렉트론,1
명확,1
애드컴,1
출정,1
전도성,1
유연성,1
상일,1
신경망,1
변조,1
살상,1
친서,1
오사카,1
씨엠팜,1
캘리포니아공대,1
무기화학,1
연수,1
고통,1
무독,1
온도,1
대차,1
한일관계,1
댓글,1
퍼블리셔,1
유념,1
허위,1
손정희,1
대일,1
계류,1
타격,1
비밸류,1
제육,1
캑터,1
스프,1
클로즈,1
파웰,1
특허청,1
융기,1
적층,1
세라믹,1
소동,1
왕산,1
트레져헌터,1
무용,1
시야,1
참의원,1
관린,1
링스,1
마리오,1
양행,1
저하,1
석우,1
여개,1
생체인증,1
안면,1
출퇴근,1
어디,1
서든,1
화이트리스트,1
스파,1
점포,1
위안,1
노동,1
히트텍,1
온에어,1
슈마커,1
스모아,1
수주량,1
보솜,1
하기스,1
마미,1
포코,1
기저귀,1
원자,1
황철,1
증감,1
절하,1
고시,1
술법,1
모노,1
캔널,1
리덕,1
침습,1
신속성,1
견고,1
캡슐,1
타고,1
식립,1
무릎,1
도서관,1
권위,1
스위치,1
디지털카메라,1
과점,1
환경기술,1
정맥주사,1
피하,1
횟수,1
오송,1
조항,1
로이,1
박테리아,1
온건,1
낸싱,1
폴리우레탄,1
폴리텍,1
영남권,1
선방,1
프랜,1
므누신,1
물량입니,1
금지명령,1
변제,1
삽입,1
권면,1
파주시,1
심각,1
치명,1
전염,1
흑사병,1
경로,1
불분명,1
대체재,1
연천,1
연천군,1
출입,1
방침,1
적성면,1
심장병,1
유데나필,1
매가,1
칸나비스,1
로열,1
칸트,1
러스트,1
파운데이션,1
화장,1
식각,1
생검,1
중력,1
원컴포텍,1
회로,1
사퇴,1
복권,1
인쇄,1
디디,1
이레,1
덴셜,1
임대주택,1
순천,1
주유소,1
홍지욱,1
더이앤엠,1
퍼즐,1
오버,1
숏커버링,1
경제성장률,1
피셔,1
절약,1
회계기준,1
이니츠,1
더원,1
공헌,1
공익,1
빅파마,1
투과성,1
골다공증,1
십만,1
휴게소,1
유선,1
썸머,1
출주,1
미고,1
용평,1
가업,1
영식,1
시진핑,1
국가주석,1
호법,1
화금,1
스트릿,1
노영민,1
월트디즈니,1
비투비,1
펜타곤,1
여자,1
정해,1
함수,1
덕산,1
르노,1
유큐,1
역삼동,1
해사,1
파버나인,1
합성섬유,1
직물,1
성인,1
전력량,1
대륙,1
제관,1
압전,1
군장,1
쿼츠,1
공조,1
홍콩인,1
권법,1
말미,1
시위,1
인권,1
민주주의,1
니데,1
진홍,1
급여,1
매직마이크,1
주기,1
하드,1
스터디,1
보수당,1
한상선,1
영은,1
국도,1
둘째,1
지관,1
원지,1
레모,1
선의,1
배당락일,1
마이너스,1
판매업,1
김병재,1
변호사,1
구석,1
주인공,1
육군,1
이라크,1
민병대,1
바그다드,1
대사관,1
호르무즈,1
해협,1
윤활유,1
누락,1
전자전,1
전원공급기,1
프런티어,1
창간,1
어닝시즌,1
피터,1
직제,1
개편안,1
기지국,1
청호컴넷,1
가성소다,1
염산,1
보화,1
학도,1
졸관,1
대체에너지,1
극세사,1
원단,1
생활용품,1
십여,1
볼트,1
렀습,1
썬텍,1
쾌거,1
조류독감,1
봉준호,1
연출,1
영화계,1
이처럼,1
유승민,1
각본,1
영화상,1
엘오티베큠,1
써스데이,1
포맨,1
상지,1
카일,1
방림,1
앤피,1
감정,1
드럼,1
잠시,1
특단,1
육상,1
주선,1
위업,1
보아,1
중량,1
핸드폰,1
수원시,1
음식물,1
수원시청,1
임신,1
한정,1
중합,1
일관,1
추가경정예산,1
잔량,1
투표제,1
감리,1
로병,1
임채승,1
장웅,1
부처,1
전혈,1
난민,1
국제노동기구,1
뎅기열,1
장티푸스,1
네오플,1
코웰,1
마크로,1
관내,1
대리점,1
무기체계,1
시제,1
덴마크,1
환급,1
서킷브레이커,1
금융위기,1
합성수지,1
스와프,1
김창태,1
영창,1
재료공학,1
정철,1
경영인,1
김신배,1
김치,1
이해관계,1
정석,1
하학,1
항공대,1
경영학,1
조현민,1
델타항공,1
훼손,1
하은,1
폐쇄적,1
족벌,1
방이,1
류마티스,1
제대혈,1
간담,1
소량,1
리더스,1
드먼,1
천연두,1
박멸,1
환매조건부채권,1
협박,1
범죄,1
죄책감,1
토로,1
유서,1
양병,1
임안,1
찬성,1
장모,1
최씨,1
증명서,1
현안,1
등교,1
매뉴얼,1
고기,1
파수닷컴,1
리모트뷰,1
시퀀스,1
이애,1
심혈관계,1
대사,1
이상운,1
도산,1
북돋웠습니,1
능통,1
휴양,1
퀸정,1
혜원,1
견조할,1
남미,1
루마니아,1
어린이집,1
그다지,1
걱정,1
상보,1
기재,1
연비,1
서산,1
와이파이,1
집권,1
후반,1
동화약품,1
맥락,1
엠벤,1
데스,1
약도,1
종금,1
신영와코루,1
순이,1
결격,1
정관,1
뇌물,1
서서,1
슈가,1
아이유,1
신곡,1
주우,1
영흥,1
모헨즈,1
이브,1
뉴클레오시드,1
고민,1
파이오링크,1
가비아,1
엘디티,1
인선,1
딤채,1
코렌텍,1
컴포넌트,1
방호복,1
아라미드,1
전산,1
랭킹,1
가수분해,1
레미콘,1
콘크리트,1
제분,1
서흥,1
수액,1
광통신,1
밀어내기,1
바이오테크놀로지,1
벨라루스,1
다분,1
이종국,1
지영주,1
피팅,1
철광석,1
왕관,1
만호,1
포장재,1
박판,1
군산,1
파모티딘,1
계주,1
웹스,1
치아,1
후의,1
젬백스앤카엘,1
전병우,1
콜렉티브,1
성동구,1
가산,1
정전,1
전원,1
양우,1
활황,1
순서대로,1
피닉스,1
텍티,1
밑돈,1
피제이,1
서우,1
리소스,1
삼광글라스,1
두산큐벡스,1
군대,1
접경,1
파이썬,1
방울,1
효림,1
디티,1
무선통신,1
사국,1
딜리,1
생활환경,1
파장,1
누스,1
변기,1
잔류,1
분간,1
송성근,1
배기가스,1
오염,1
발휘,1
로드맵,1
응급환자,1
실증특례,1
요양,1
화상,1
브리츠,1
콘셉트,1
찬혁,1
물고기,1
로고,1
수현,1
라디오,1
알람,1
야외,1
광촉매,1
강소,1
가성환,1
보신,1
벌집,1
모양,1
트립,1
주최,1
스우,1
벤처캐피탈,1
월덱스,1
카탈로그,1
맹독,1
엘러간,1
란주,1
입센,1
포트,1
탈취,1
처부,1
행정조사,1
목소리,1
퍼랩스,1
타일,1
레스토랑,1
화공,1
비화,1
개인정보보호법,1
가명,1
피앤,1
친형,1
입원,1
엘리트,1
직권남용,1
진로,1
지형,1
서구,1
시흥시,1
화성시,1
유사,1
시민,1
군구,1
민원,1
생수,1
옥스퍼드,1
옥스퍼드대,1
메디프론디비티,1
뇌내,1
벌레,1
섭취,1
수두,1
대상포진,1
계산,1
오상,1
국내총생산,1
주재,1
영사관,1
이어진,1
급량,1
불충분,1
징용,1
미국식품의약국,1
푸르지오,1
하이파,1
주차장,1
화석,1
실전,1
노딜,1
미사일,1
한양,1
최고점,1
헤럴드경제,1
코닥,1
유성,1
외환시장,1
환가,1
조해,1
에틸알코올,1
마취제,1
마졸람,1
마취,1
진정제,1
투석,1
단국대학교,1
파스퇴르,1
조적,1
조정은,1
알코올,1
듀얼,1
아고니스트,1
신고식,1
코피,1
티유,1
최악,1
자연화,1
정당성,1
송도,1
업법,1
참좋은여행,1
해경,1
단정,1
다임러,1
납기,1
본안,1
사법,1
항고,1
브라우저,1
스크린,1
마킹,1
환국,1
신천지,1
방문자,1
집도,1
총계,1
흡입,1
성년,1
차남,1
장녀,1
조희경,1
나눔,1
대리인,1
유보,1
혈장,1
전념,1
유예,1
관할,1
간소화,1
환호,1
단기매매,1
동구,1
충장로,1
연합뉴스,1
박경훈,1
바로가기,1
철민,1
저작권,1
무단,1
박능후,1
재난,1
차장,1
커피전문점,1
저개발국가,1
개발도상국,1
이해일,1
멕헬,1
어의,1
시일,1
형광,1
조용준,1
미약,1
정책금융,1
고정식,1
족제비,1
엑소,1
가을,1
산탄,1
명칭,1
에페,1
레나,1
신형,1
투싼,1
패드,1
암레스트,1
차종,1
프로세서,1
피스톤,1
이용우,1
파두아,1
페럿,1
확증,1
백산,1
두바이,1
부총리,1
이현우,1
중구,1
데이,1
운전자,1
펀더멘털,1
비나텍,1
켐텍,1
병기,1
증류주,1
연평도,1
에퀴,1
노르,1
해양수산부,1
공무원,1
피살,1
사과,1
정민,1
비리,1
정유경,1
정용진,1
유니버설,1
윤상,1
지도,1
생명연,1
강민구,1
청춘,1
우스,1
무하,1
보험료,1
차열,1
차염,1
알킬,1
벤젠,1
동북아시아,1
황화수소,1
이동우,1
펑잉,1
십사,1
포스코건설,1
침입,1
제동,1
대선조선,1
보증금,1
원정,1
행정처분,1
시스웍스,1
국무,1
선종,1
환송,1
김태,1
지방검찰청,1
정체,1
월말,1
알짜,1
배기,1
편승,1
네팔,1
수력발전,1
셔츠,1
입점,1
유정희,1
파나마,1
결렬,1
케이엠에이치,1
디오스,1
무죄,1
용산구,1
서빙고로,1
전함,1
실드,1
메가박스,1
후난,1
칸타빌,1
부통령,1
인슐린,1
선싱,1
스몰,1
희소식,1
안고,1
캐리어,1
타개,1
궁극,1
근로자,1
일방,1
이해당사자,1
전가,1
노동자,1
산들,1
페이팔,1
커서,1
영장류,1
네이처지,1
진행중,1
스크리닝,1
합병증,1
산시,1
의사결정,1
이병건,1
자코,1
날숨,1
취합니,1
폴라,1
인과,1
백원,1
추미애,1
포르쉐,1
아우디,1
쿠웨이트,1
본과,1
식스,1
동이,1
허가증,1
하층,1
동면,1
운영자,1
충성,1
컬렉션,1
화보,1
확약,1
편대,1
숙주,1
신경독,1
리핑,1
백금,1
갑자기,1
일곱,1
천민,1
대연,1
항동,1
동태,1
낸셜,1
잔틴,1
생산력,1
전남대학교병원,1
아리,1
북부,1
도봉산,1
옥정,1
광역철도,1
목전,1
내약,1
분당,1
중환자,1
국제무역,1
중대,1
재해,1
위태,1
마통,1
여지,1
요금,1
에폭시,1
페이트,1
전기요금,1
도매,1
프라임,1
디스트리뷰터,1
태흥,1
방제,1
곤란,1
호이스,1
명신,1
엘지,1
오스트리아,1
램프,1
축의,1
마킷,1
마스,1
스위트홈,1
회천,1
브레이크,1
구본혁,1
목표량,1
환경보전,1
행정,1
단독주택,1
안계,1
반포동,1
사안,1
외관,1
장호,1
일신상,1
조업,1
현우,1
미하,1
공용,1
파리,1
지불,1
조류인플루엔자,1
성함,1
월스트리트,1
소프,1
워녹,1
이홍구,1
후원,1
역임,1
최장수,1
중앙대,1
정은아,1
대립,1
욕구,1
행세,1
제대로,1
김범,1
성향,1
서상영,1
삼강엠앤티,1
구획,1
이광민,1
박정일,1
임의,1
복지,1
육박,1
증도,1
김앤장,1
지엄,1
앙리,1
마티스,1
연극,1
방문객,1
관람,1
미술,1
비비씨,1
졸업,1
의정부,1
센텀,1
경희대학교,1
스캐닝,1
곡동,1
유양,1
디앤유,1
경쟁법,1
매커스,1
수설,1
지명자,1
안트로퀴노놀,1
메가비트,1
식물,1
디올,1
성원,1
과민반응,1
적임,1
소니,1
인치,1
지게차,1
중추,1
클로이,1
경쟁률,1
리퍼비시,1
제곱미터,1
원문,1
용어,1
금전신탁,1
티알프,1
레스,1
제로원,1
금창,1
이유나,1
시리얼,1
모비릭스,1
게임스톱,1
헤지펀드,1
섬유소,1
재인,1
소울,1
박진,1
조지아주,1
삼륜차,1
오토바이,1
유건,1
박한샘,1
이왕진,1
유기농,1
새벽,1
덴탈,1
이연수,1
가상화,1
폐가,1
일상생활,1
아이콘,1
유조선,1
서장원,1
냉각수,1
유인,1
나타남,1
레이스,1
권효,1
회한,1
말씀,1
당분간,1
나보,1
끝내기,1
소송도,1
민정,1
김상호,1
지로,1
글렌,1
벌칸,1
제프,1
조스,1
우주개발,1
나사,1
반려,1
견용,1
행정명령,1
하이난섬,1
레보,1
스트래티,1
호수,1
일명,1
금융시장,1
강사,1
마인,1
후순위채,1
안방,1
익산,1
유무,1
탑스,1
월스트리트저널,1
숙박,1
나종욱,1
이차,1
테크랩스,1
박철,1
도급,1
천안,1
배관,1
토양,1
부전동,1
주상,1
행정심판,1
통풍,1
후기,1
윙스,1
산불,1
녹스,1
가이드,1
김군,1
충암고,1
선후배,1
브라,1
응모,1
버튼,1
매일,1
당첨,1
확률,1
이상헌,1
프로모션,1
재무부,1
밑돌,1
카쿠,1
일렉트로닉,1
밍디벨로먼트,1
엘피,1
대장암,1
안팎,1
빅챈스,1
투사,1
우버,1
보궐선거,1
만화,1
김한경,1
그녀,1
칭찬,1
공정은,1
용액,1
화학물질,1
통로,1
상판,1
판이,1
국부펀드,1
보건부,1
하의,1
말레,1
미생물학,1
코러스,1
춘천,1
엠피,1
코포레이션,1
용법,1
비강,1
도말,1
토라,1
이동희,1
소위,1
우울장애,1
남용,1
노보,1
자살률,1
정신건강,1
젠도,1
텔레칩스,1
마이크로컨트롤러,1
자립,1
지하,1
감안,1
동맹,1
아랍에미레이트,1
혜경,1
씨앤티,1
방음,1
제우스,1
단행,1
정덕,1
만난,1
인쇄회로기판,1
재직,1
이루,1
직언,1
결단,1
바르트,1
네슬레,1
백학,1
소주,1
현물출자,1
홍원식,1
앤코,1
주물,1
프린터,1
게리,1
겐슬러,1
여섯,1
쇼티,1
윤사,1
중앙회,1
표씨,1
화제,1
불리,1
초대,1
사진,1
상우,1
남산,1
장공,1
우당,1
기념관,1
개관,1
태평양,1
골목길,1
경제학자,1
모종,1
상공,1
신진,1
송영길,1
에스트라,1
빌딩,1
여야,1
당파,1
전격,1
소형모듈원전,1
머스트,1
빈피킹,1
적재,1
자유,1
특구,1
정보통신부,1
사람인에이치알,1
프라나,1
안구건조증,1
자진,1
에메랄드,1
비메,1
리용,1
유티,1
참가자,1
외식,1
오게임,1
액정,1
조창,1
프라이,1
가전제품,1
특보,1
더위,1
유상,1
위시,1
역사상,1
이준석,1
치맥,1
파급,1
강경근,1
얼라이언스,1
무진,1
유대,1
바이오매스,1
신경주역,1
편이,1
강아지,1
교감,1
독서,1
다채롭,1
파라슈트,1
에이스침대,1
경품,1
율도,1
응기,1
분쇄기,1
사업인,1
원티드,1
불응,1
워싱턴,1
이문,1
솔루에타,1
차폐,1
하량,1
코일,1
액추에이터,1
자동초점,1
엔코더,1
엠피제,1
취해짐,1
수원,1
카본,1
보냉,1
쿠데타,1
서아프리카,1
보크사이트,1
고향,1
득표율,1
엘살바도르,1
일차,1
폴리프로필렌,1
지산동,1
낙원,1
무혐의,1
발령,1
김여정,1
적대,1
편견,1
선결,1
도급계약,1
비케이탑스,1
네이블,1
헝다,1
디폴트,1
제너럴모터스,1
픽업,1
트럭,1
추수감사절,1
포드,1
셀렉,1
연락선,1
꼽았습니,1
와중,1
와이어,1
하네스,1
시청률,1
픽쳐스,1
음향,1
연예,1
기획사,1
황동혁,1
병목,1
산화,1
괴이,1
췌염,1
셰어,1
아메,1
갤러리,1
클레이,1
고발장,1
세기,1
골수,1
케이티앤지,1
초록뱀미디어,1
코웰패션,1
파산신청,1
멤버,1
격차,1
외화,1
정기예금,1
커뮤니케이션,1
상쇄할,1
반주,1
엠지메딕스,1
지용,1
먼지,1
미니룸,1
불가,1
러쉬,1
재론칭할,1
입성,1
인재,1
레버,1
메이크,1
걸그룹,1
티아라,1
임베디드,1
핸들,1
셀러,1
승객,1
마주,1
아이패드,1
불산,1
초순,1
기체,1
가짜,1
보도자료,1
진격,1
러브,1
본업,1
마니아,1
변신,1
남아프리카공화국,1
구제,1
반감기,1
완판,1
시드,1
앤빌,1
멀티플레이,1
로그라이크,1
합격,1
리액션,1
왕가,1
비파,1
병실,1
잡기,1
버거운,1
씨앤투스,1
성진,1
회선,1
휴가,1
연발,1
검색량,1
양제,1
디렉트,1
제일,1
중흥,1
방위사업청,1
로더,1
데인,1
단말기,1
바이어,1
속옷,1
계로,1
장가,1
최고법원,1
승소,1
양도소득세,1
비드,1
머크,1
게브,1
보탰,1
확행,1
애플사,1
뇌혈관장벽,1
투과,1
과창판,1
캐스,1
노출,1
체중,1
건축물,1
엠투,1
액티비전,1
에쓰오일,1
꼬마,1
물건,1
그때,1
그게,1
엔터테인트,1
셀프,1
이승원,1
아이언,1
윈드밀,1
성립,1
박상현,1
콘서트,1
은행업,1
상해,1
러시아군,1
상당량,1
발발,1
돈바스,1
국가안보국,1
도주,1
경제정책,1
해산물,1
이르렀다,1
초보자,1
첫째,1
박투,1
상장법인,1
명과,1
사파이어,1
사교육,1
직판,1
진천,1
폴리스,1
하부,1
풀무원,1
고하,1
과금,1
환원,1
해운회사,1
성률,1
애그플레이션,1
보리,1
해바라기,1
조브,1
베르,1
재벌,1
지신,1
박용만,1
박서,1
박재원,1
왕좌,1
병리학,1
유방,1
등성이,1
후생노동성,1
훗카이도,1
프로테아제,1
사스,1
빅스,1
비축,1
휴전협정,1
소방차,1
냉동,1
탑차,1
수년,1
격화,1
기가와트,1
한영은,1
위법,1
광장,1
법률자문,1
산점,1
과태료,1
부회,1
관리제,1
양적,1
달력,1
구심,1
휴켐스,1
기공사,1
얍엑스,1
비지,1
비둘기파,1
신저,1
헬로렌탈,1
명품,1
드럼세탁기,1
건조기,1
인덕션,1
렌털할,1
김연,1
수출입,1
창가,1
자화,1
축우,1
일동,1
교부,1
앰버,1
드림로,1
함영욱,1
오뚜기,1
정선우,1
인척,1
혜지,1
김동욱,1
유재현,1
월경,1
루센,1
부종,1
과자,1
유독,1
방민진,1
날씨,1
크레마,1
양극화,1
브라이튼,1
금화,1
스시,1
남동,1
식용유,1
조대림,1
식용,1
위도,1
촉발,1
기름,1
증편,1
사막,1
도래,1
회사채,1
원자잿값,1
펄프,1
유암,1
한영,1
안내서,1
루블,1
불가리아,1
얼굴,1
올리브영,1
강정훈,1
면전,1
격화될,1
곡창,1
지대,1
찾기,1
디시,1
고유값,1
앤드,1
호르몬,1
광자,1
붕괴,1
비아,1
어셈블리,1
수일,1
연매출,1
신화콘텍,1
명부,1
니트릴,1
파우더,1
장갑,1
프리미어,1
홋스퍼,1
액세서리,1
기계로,1
강소기업,1
비트리,1
타코,1
지문,1
스태그플레이션,1
온라인게임,1
씰온라인,1
공짜,1
청정,1
바겐세일,1
착각,1
살피,1
고도,1
오비,1
유사시,1
부채질,1
관점,1
엠클럽,1
벡터,1
토공,1
조물,1
넥실,1
김준영,1
프리챌,1
상무이사,1
취미,1
취향,1
번개,1
핫딜,1
소상,1
진보,1
식당,1
앤텍,1
태민,1
노블엠앤비,1
블루베리,1
창의,1
뒤엎,1
터치,1
스타일러스,1
레몬이,1
체전,1
리튬이온,1
레몬,1
인장,1
고온,1
신슈,1
텐마,1
자부,1
미아스,1
강수,1
예보,1
농작물,1
발명,1
금동삼존불감,1
경매,1
유찰,1
대책위,1
발기인,1
소통,1
범한,1
나토,1
국교,1
정보원,1
심지어,1
미니앨범,1
니케이지수,1
피격,1
최우수,1
부임,1
뇌염,1
니카라과,1
신용카드,1
행정소송,1
알비,1
김진우,1
헤어,1
상고,1
징역,1
중앙디앤엠,1
이비,1
골프장,1
이순신,1
장군,1
영화로,1
명량해전,1
전인,1
대첩,1
시사회,1
수업,1
양은,1
얼티엄셀즈,1
분말,1
기지,1
켄터키주,1
소변,1
알부민,1
크레아티닌,1
사구체,1
여과,1
의왕,1
마이더스,1
토피아,1
바코드,1
보이스,1
플로,1
노을,1
전업,1
고교,1
학점,1
에이프릴,1
존헬,1
씨제이,1
대적,1
육아,1
안심,1
외출,1
테일러,1
메이드,1
메자닌,1
몬스터,1
김효정,1
벡셀,1
차후,1
팜텍,1
업자,1
알레르기,1
비염,1
에티오피아,1
질산,1
스타벅스,1
편의점,1
태풍,1
힌남노,1
닥터,1
에이텍티앤,1
국제통화기금,1
리나,1
에바,1
덕우,1
동원령,1
보아스,1
김성진,1
기공,1
나스,1
차영,1
오산,1
나투라,1
강재,1
순수,1
세지,1
우동,1
공자,1
전치,1
환술,1
큐렉,1
소의,1
큐비스,1
모의,1
시뮬레이션,1
오차,1
프롬,1
모발,1
유두,1
모낭,1
윤리,1
쿠콘,1
캡정,1
아밀릭스,1
티컬,1
다중화,1
재사,1
재판매,1
한미글로벌,1
종속,1
라이온하트,1
성수동,1
동반성,1
호사,1
소승,1
이창원,1
장학재단,1
실링,1
수원지방법원,1
김정선,1
경색,1
면산,1
일대,1
당초,1
예산안,1
고물,1
벡스코,1
화학공학,1
물성,1
참관,1
채용,1
회도,1
마곡,1
에이치와이,1
클린,1
에스쁘아,1
츄리,1
스테이,1
태광,1
왕세자,1
회동,1
왕실,1
토비,1
겨울철,1
겨울,1
먹통,1
방지법,1
강원도,1
산업혁명,1
코발트,1
텅스텐,1
소멸,1
여의도,1
면적,1
피속,1
극미,1
게놈,1
화순,1
전남대,1
수력,1
한중,1
비약,1
전자석,1
철기,1
비티알,1
바인,1
딩텀싯,1
공적,1
독과점,1
치안,1
절삭,1
컴팩트,1
시닝,1
연맹,1
금속노조,1
년치,1
일감,1
청담,1
전차,1
아라비아,1
아바타,1
저지,1
명치,1
사테,1
해열제,1
아세트아미노펜,1
키메라,1
조혈모세포,1
추부면,1
준공,1
최적,1
이재,1
산화물,1
몰두,1
알루미나,1
옥사,1
충청북도,1
영공,1
침범,1
노블,1
엠앤비,1
강신,1
참모,1
적의,1
정찰,1
국무회의,1
최대한,1
상여금,1
산돌,1
노포,1
부딘,1
복약,1
순응,1
구상,1
도어,1
무력,1
취리히,1
공과대학,1
아이시스,1
전당대회,1
지층,1
서면,1
퍼블릭,1
지지자,1
김기현,1
접전,1
나경원,1
정보보안,1
라이프스타일,1
계절,1
절기,1
하절,1
예술,1
업적,1
도울,1
바드,1
린드,1
건재,1
딥노,1
역북,1
뉴팩처링,1
항소심,1
크레,1
미시건,1
솔더볼,1
주얼,1
온보딩,1
롱화,1
장르,1
모비우스,1
이동식,1
급속,1
양전하,1
특수강,1
크롬,1
위상,1
장영실,1
옵트론텍,1
킨스,1
보완,1
반년,1
서정진,1
약칭,1
수명,1
지름,1
원통,1
함량,1
방법론,1
전극,1
바인더,1
크레디트,1
예금,1
어유,1
은행권,1
도미니카공화국,1
강직,1
예치,1
그릴,1
버지니아주,1
카프,1
락탐,1
허석,1
정원호,1
김갑,1
각서,1
브롤,1
리시,1
군집,1
강판,1
경수,1
김원종,1
이의제기,1
고혈압,1
주식병합,1
재의,1
이르렀으,1
호외,1
관측,1
육종,1
제중,1
상도,1
선광,1
흥국생명,1
레온,1
남아프리카,1
유착,1
고도화,1
대무,1
유씨,1
잉크,1
서지,1
미트,1
노량진,1
재사용,1
최측근,1
드미트리,1
메드베데프,1
박막,1
사탕수수,1
지인,1
헥토,1
넥서스,1
해산,1
부당이득,1
지나,1
합산,1
다이내믹,1
목마,1
메인,1
모니터,1
코노토,1
프시,1
국회의원,1
부차,1
타라,1
코노토프,1
김인,1
절정,1
펄스,1
선적,1
지방법원,1
앱코,1
그래픽카드,1
구인,1
후진,1
나셀,1
학적,1
폴리오,1
김제시,1
라이온켐텍,1
현직,1
거짓,1
미기,1
트리튬,1
치의,1
준치,1
노리,1
사재기,1
동일금속,1
냉연,1
프로테옴,1
방공,1
변전소,1
부토,1
쿠라,1
한덕수,1
사령부,1
대공,1
하현수,1
위드텍,1
한국인,1
핵종,1
계측기,1
수학,1
난도,1
공교육,1
유비온,1
교과서,1
참고서,1
약자,1
수능,1
내신,1
엑스페릭스,1
탐색,1
채혈,1
상관관계,1
비스토스,1
정착,1
파이버프,1
배선,1
격투기,1
마로,1
정신,1
리투아니아,1
트위터,1
테오,1
제브라,1
피쉬,1
제핏,1
바이엘,1
바비,1
스모,1
포이,1
비정상,1
신생,1
창사,1
황산니켈,1
리라,1
루티드,1
재성,1
차체,1
표기,1
싱글,1
익피앤,1
대기압,1
곳도,1
학계,1
기해,1
윌리엄,1
메리,1
이론,1
교차,1
힘겨루기,1
대식세포,1
길리,1
롤리,1
메릴랜드,1
황산,1
세번,1
인카,1
물리학,1
김인기,1
도체,1
과학계,1
불닭,1
기념,1
독소,1
모공,1
플럭스,1
김원,1
남씨,1
진실성,1
대하,1
나누기,1
묶인,1
포유,1
전자기기,1
돌파구,1
간섭,1
수송,1
우대금리,1
잭슨,1
스킬,1
게이,1
용선,1
클리닝,1
알렉사,1
이정호,1
지희,1
문호,1
김병훈,1
제설,1
스노우,1
이종순,1
발부,1
접합,1
방광암,1
조상래,1
상실,1
슈퍼컴퓨터,1
도조,1
퓨런,1
지적도,1
체액,1
단식,1
개각,1
오비트,1
환청,1
손보,1
우듬지팜,1
애드바이오텍,1
붕소,1
중성자,1
포획,1
암치료,1
아이피,1
고분자,1
생체이용률,1
체포,1
연상,1
김동연,1
노은,1
실내,1
이용성,1
장기간,1
벤처캐피털,1
기초과학,1
에너지부,1
레뷰,1
정복,1
서문,1
사망률,1
혈액암,1
일만,1
롯데렌탈,1
핵융합,1
피델렉스,1
복수기,1
열교환기,1
모기,1
흡혈,1
곤충,1
고열,1
결절,1
유산,1
불임,1
가축,1
인조잔디,1
홍익표,1
반성,1
정권,1
유감,1
투성이,1
독립성,1
정성,1
국경,1
케토,1
디펜쿨,1
중남미,1
건축사,1
축제,1
마녀,1
청완,1
바오,1
광둥성,1
푸젠성,1
아지트,1
로마,1
향방,1
유투,1
진통,1
맥시,1
중추신경계,1
말초신경계,1
스팅,1
뉴질랜드,1
몽베르,1
컨트리클럽,1
엠파크,1
월물,1
김대준,1
선행,1
골디락스,1
쇼트,1
커버,1
출몰,1
해충,1
모스,1
펜스,1
피레스,1
예후,1
위더스,1
채굴,1
엔데믹,1
회전,1
파열,1
이학영,1
헌터,1
차비,1
역성,1
와인,1
버텍스,1
테라퓨틱스,1
거비,1
겸상,1
지중해,1
스톰,1
탄생,1
임상시험수탁기관,1
이민,1
용적,1
개방,1
선로,1
핑거,1
뷰노,1
정치계,1
임세령,1
연인,1
사적,1
절제,1
리제,1
개화,1
녹지,1
박근혜,1
이동수,1
타당성조사,1
디지털화,1
비정,1
철수,1
재계약,1
스트리머,1
알키미스트,1
근육,1
서울대학교,1
충북대학교,1
인구,1
김응태,1
군용,1
사족,1
족보,1
정우성,1
창의성,1
그래디언트,1
축하,1
메시지,1
엠텍,1
블루엠텍,1
부산광역시,1
우협,1
불황,1
약력,1
약동학,1
세포주기,1
이랜드,1
개인화,1
벌크선,1
순위도,1
전매,1
리모콘,1
조종,1
제초,1
감병,1
부응,1
순탄,1
단위,1
문혜원,1
법학,1
컬럼비아,1
로스쿨,1
아가,1
장려,1
토론,1
가방,1
리비아,1
한빛,1
러닝,1
자연어,1
도큐먼트,1
한글,1
초안,1
김연수,1
가닥,1
이성규,1
티코,1
영건,1
다이아몬드,1
수호,1
항로,1
택하,1
어닝쇼크,1
이부진,1
이서현,1
자매,1
상속,1
관장,1
상속세,1
군사력,1
군비,1
한지영,1
최고경영자,1
올트먼,1
객향,1
뉴프,1
중고차,1
백억,1
체급,1
최정욱,1
족부,1
젬백스링크,1
명인,1
진실,1
김정현,1
난연,1
리추얼,1
퍼퓸,1
머리카락,1
양감,1
식물성,1
오일,1
영감,1
구애,1
어플리케이션,1
범주,1
케이웨더,1
아센,1
코멘트,1
공기업,1
의대,1
정원,1
굿닥,1
인성,1
소라,1
동작,1
네이버웹툰,1
골드만삭스,1
절연,1
전자기,1
제품군,1
온기,1
일단락,1
이정현,1
넥스젠,1
벨트,1
프로세스,1
스케칭,1
스케치,1
라핀,1
레이어,1
삼일절,1
필라델피아,1
사피,1
전혀,1
위폼스,1
에스테,1
터빈,1
주기도,1
래몽래,1
용태,1
상쇄했으,1
상단,1
상쇄되,1
커넥트,1
거대,1
장현,1
비례대표,1
역삼,1
디자이너,1
오프,1
송공,1
배양기,1
요하,1
위험성,1
쇼크,1
엠젠,1
네덜란드,1
노르웨이,1
포르투갈,1
스웨덴,1
그리스,1
핀란드,1
서유럽,1
교두보,1
최승,1
최현철,1
톡시,1
고공,1
윈팩,1
신안,1
우이,1
재생에너지,1
이얼,1
매틱,1
합리,1
만성,1
켐트,1
개략,1
단발,1
엠앤,1
내달,1
개월차,1
미개척,1
틱톡,1
모드,1
구두,1
증폭기,1
송수신기,1
뮨텍,1
이시스,1
전선주,1
감광,1
도포,1
해상도,1
광원,1
전기공,1
소비전력,1
팔면,1
스낵,1
만선,1
데스티니,1
일드,1
여신,1
니케,1
최선,1
한중일,1
후미,1
리창,1
기후변화,1
아메리카,1
심해,1
장지,1
심층,1
부서,1
돌입,1
팩트,1
무엇,1
최태원,1
이혼소송,1
물리탐사,1
휴스턴,1
액트지오,1
암석,1
파이프,1
고정용,1
시멘팅,1
블루칩,1
자신감,1
디주,1
듀피젠트,1
해태제과,1
훈풍,1
북도,1
동사,1
구조도,1
여종,1
